Date,TH,ID,KR,MY,PH,SG,HK
1996-01-02,,512.4600219726562,,993.1799926757812,2578.306884765625,2258.10009765625,10204.900390625
1996-01-03,,519.8197631835938,,1020.1099853515625,2631.0634765625,2306.199951171875,10397.400390625
1996-01-04,,532.7792358398438,,1046.0999755859375,2708.7734375,2365.10009765625,10573.900390625
1996-01-05,,533.2592163085938,,1042.06005859375,2695.427001953125,2365.5,10529.900390625
1996-01-08,,533.0792236328125,,1054.5400390625,2694.93701171875,2385.89990234375,10466.7001953125
1996-01-09,,530.7893676757812,,1050.75,2681.070556640625,2373.60009765625,10427.2001953125
1996-01-10,,528.619384765625,,1052.77001953125,2657.796630859375,2362.10009765625,10304.599609375
1996-01-11,,533.7592163085938,,1046.7900390625,2664.044921875,2369.5,10429.7998046875
1996-01-12,,550.9685668945312,,1061.3299560546875,2746.5537109375,2402.0,10540.0
1996-01-15,,563.8781127929688,,1072.550048828125,2778.145751953125,2413.60009765625,10634.5
1996-01-16,,558.408203125,,1069.6600341796875,2776.0361328125,2397.800048828125,10671.2001953125
1996-01-17,,556.9883422851562,,1072.3499755859375,2748.0634765625,2390.10009765625,10593.7998046875
1996-01-18,,557.6883544921875,,1038.8599853515625,2730.56787109375,2396.300048828125,10536.5
1996-01-19,,562.3280639648438,,1056.68994140625,2763.809326171875,2403.199951171875,10764.099609375
1996-01-22,,571.2977905273438,,1064.530029296875,2830.422119140625,2448.5,10955.2998046875
1996-01-23,,574.2776489257812,,1071.47998046875,2872.941162109375,2433.0,10957.2001953125
1996-01-24,,569.9378662109375,,1060.5,2875.6005859375,2410.300048828125,10960.2001953125
1996-01-25,,570.1078491210938,,1056.68994140625,2901.9736328125,2433.0,11103.099609375
1996-01-26,,566.837890625,,1051.4000244140625,2892.016357421875,2437.300048828125,11111.900390625
1996-01-29,,565.762939453125,,1041.260009765625,2885.837890625,2424.10009765625,11059.0
1996-01-30,,569.1478271484375,,1052.8900146484375,2867.642578125,2423.699951171875,11201.5
1996-01-31,,578.5374755859375,,1055.4200439453125,2885.01806640625,2449.199951171875,11359.7001953125
1996-02-01,,581.037353515625,,,2900.084228515625,2452.300048828125,11362.7998046875
1996-02-02,,587.547119140625,,1073.1800537109375,2926.507568359375,2468.199951171875,11469.400390625
1996-02-05,,591.1170043945312,,1079.8800048828125,2918.489501953125,2484.0,11484.099609375
1996-02-06,,592.8969116210938,,1082.7900390625,2914.28076171875,2493.699951171875,11391.400390625
1996-02-07,,591.3369140625,,1080.010009765625,2882.19873046875,2491.89990234375,11388.599609375
1996-02-08,,592.626953125,,1071.9000244140625,2844.858642578125,2477.199951171875,11331.7998046875
1996-02-09,,580.9873657226562,,1059.550048828125,2823.94384765625,2456.39990234375,11310.2998046875
1996-02-12,,577.4525146484375,,1059.6700439453125,2853.286376953125,2413.60009765625,11256.599609375
1996-02-13,,584.7981567382812,,1064.22998046875,2904.912841796875,2422.699951171875,11200.2001953125
1996-02-14,,590.1770629882812,,1069.9599609375,2942.63330078125,2401.800048828125,11364.5
1996-02-15,,590.7429809570312,,1085.3199462890625,2932.94580078125,2439.199951171875,11471.7998046875
1996-02-16,,595.5037841796875,,1090.050048828125,2931.286376953125,2453.89990234375,11595.0
1996-02-19,,,,,2940.963623046875,,
1996-02-20,,,,,2922.958251953125,2453.89990234375,
1996-02-21,,,,,2935.89501953125,,
1996-02-22,,,,,2952.15087890625,2454.800048828125,11338.5
1996-02-23,,,,,2949.88134765625,2466.0,11390.400390625
1996-02-26,,594.1819458007812,,1090.06005859375,2932.90576171875,2471.199951171875,11210.400390625
1996-02-27,,597.3367919921875,,1077.3199462890625,2893.176025390625,2445.60009765625,11197.0
1996-02-28,,595.2528076171875,,1076.949951171875,2881.708984375,2438.60009765625,11264.7001953125
1996-02-29,,585.1861572265625,,1084.4100341796875,2881.859130859375,2438.5,11125.7001953125
1996-03-01,,589.090087890625,,1093.56005859375,2947.422119140625,2421.39990234375,11194.900390625
1996-03-04,,592.02392578125,,1106.9000244140625,2905.0830078125,2422.300048828125,11254.099609375
1996-03-05,,591.4598999023438,,1124.3900146484375,2907.93212890625,2432.39990234375,11454.099609375
1996-03-06,,587.8511352539062,,1136.1400146484375,2918.139404296875,2429.699951171875,11378.7001953125
1996-03-07,,581.5213623046875,,1132.5,2882.598876953125,2402.39990234375,11194.5
1996-03-08,,568.075927734375,,1116.0999755859375,2876.050537109375,2400.800048828125,11217.7998046875
1996-03-11,,544.517822265625,,1082.989990234375,2809.92724609375,2316.39990234375,10397.5
1996-03-12,,560.8402099609375,,1099.93994140625,2803.139404296875,2353.89990234375,10602.5
1996-03-13,,560.1072387695312,,1084.8299560546875,2769.207763671875,2300.699951171875,10249.5
1996-03-14,,569.8848266601562,,1109.0,2782.914306640625,2329.60009765625,10451.7998046875
1996-03-15,,576.7675170898438,,1119.8900146484375,2821.024658203125,2367.300048828125,10557.599609375
1996-03-18,,578.8324584960938,,1115.719970703125,2839.25,2361.5,10601.2998046875
1996-03-19,,587.3231201171875,,1122.530029296875,2874.6806640625,2385.300048828125,10880.5
1996-03-20,,585.9561767578125,,1126.9000244140625,2859.0849609375,2378.300048828125,10836.5
1996-03-21,,,,1148.530029296875,2877.060302734375,2422.800048828125,11028.0
1996-03-22,,585.9991455078125,,1150.6500244140625,2880.809326171875,2398.89990234375,11026.7001953125
1996-03-25,,585.9041748046875,,1160.8299560546875,2877.8701171875,2406.5,11111.7998046875
1996-03-26,,585.8601684570312,,1164.489990234375,2871.0517578125,2414.800048828125,10984.5
1996-03-27,,587.0430908203125,,1154.0,2833.68115234375,2399.699951171875,11066.599609375
1996-03-28,,585.6821899414062,,1146.8699951171875,2847.9775390625,2391.89990234375,11030.599609375
1996-03-29,,,,1149.0799560546875,2900.00439453125,2387.300048828125,10957.2001953125
1996-04-01,,587.5811157226562,,1158.43994140625,2918.32958984375,2376.0,10926.7998046875
1996-04-02,,588.2501220703125,,1153.219970703125,2938.63427734375,2365.800048828125,11144.599609375
1996-04-03,,595.0408325195312,,1155.6600341796875,2962.0283203125,2381.10009765625,11139.900390625
1996-04-04,,605.0634155273438,,1156.0899658203125,2962.0283203125,2396.5,
1996-04-05,,,,1153.0899658203125,2962.0283203125,,
1996-04-08,,597.6198120117188,,1134.6300048828125,2962.0283203125,2365.199951171875,
1996-04-09,,597.329833984375,,1133.9000244140625,2962.0283203125,2382.10009765625,11107.400390625
1996-04-10,,603.9124755859375,,1151.739990234375,2993.47021484375,2390.0,11077.599609375
1996-04-11,,605.3133544921875,,1147.6099853515625,2989.47119140625,2384.800048828125,10892.599609375
1996-04-12,,607.0263671875,,1150.239990234375,2986.721923828125,2384.0,10849.7998046875
1996-04-15,,612.9721069335938,,1160.47998046875,3007.82666015625,2384.39990234375,10949.599609375
1996-04-16,,619.2368774414062,,1167.3699951171875,3015.8544921875,2401.39990234375,11033.0
1996-04-17,,624.1456909179688,,1165.030029296875,2986.921875,2403.89990234375,10962.7001953125
1996-04-18,,620.9498291015625,,1167.280029296875,2958.04931640625,2387.89990234375,10909.2998046875
1996-04-19,,624.5096435546875,,1172.199951171875,2957.2294921875,2399.300048828125,10818.5
1996-04-22,,628.3615112304688,,1174.22998046875,2973.105712890625,2379.0,10910.0
1996-04-23,,627.8045043945312,,1173.8800048828125,2995.829833984375,2378.699951171875,10889.099609375
1996-04-24,,630.1945190429688,,1169.43994140625,2968.566650390625,2381.199951171875,10898.7001953125
1996-04-25,,625.3556518554688,,1162.1400146484375,2972.545654296875,2384.800048828125,10753.400390625
1996-04-26,,628.216552734375,,1173.4300537109375,2979.81396484375,2401.60009765625,10732.7998046875
1996-04-29,,625.3016357421875,,,2959.339111328125,,10835.7998046875
1996-04-30,,623.8847045898438,,1189.5400390625,2937.224609375,2415.699951171875,10964.5
1996-05-01,,629.447509765625,,,2937.224609375,,10907.0
1996-05-02,,622.8387451171875,,1186.1300048828125,2955.239990234375,2408.300048828125,10929.900390625
1996-05-03,,608.0973510742188,,1178.4300537109375,2974.795166015625,2413.300048828125,10734.2001953125
1996-05-06,,599.6486206054688,,1164.3199462890625,2974.795166015625,2400.699951171875,10697.5
1996-05-07,,613.8161010742188,,1161.93994140625,3013.4951171875,2396.199951171875,10702.2001953125
1996-05-08,,615.5010986328125,,1151.7900390625,3065.261962890625,2371.800048828125,10617.2998046875
1996-05-09,,620.247802734375,,1162.1400146484375,3128.275634765625,2374.60009765625,10573.0
1996-05-10,,619.2559204101562,,1160.06005859375,3110.630126953125,2370.199951171875,10597.7001953125
1996-05-13,,621.4698486328125,,1163.9599609375,3116.248779296875,2385.5,10746.0
1996-05-14,,617.9989013671875,,1163.989990234375,3126.095947265625,2365.199951171875,10817.900390625
1996-05-15,,619.8128662109375,,1154.0899658203125,3122.76708984375,2321.5,10863.7998046875
1996-05-16,,,,1149.97998046875,3111.619873046875,2347.89990234375,10833.400390625
1996-05-17,,621.3738403320312,,1155.550048828125,3115.888671875,2341.800048828125,10816.900390625
1996-05-20,,617.6680297851562,,,3110.55029296875,2322.89990234375,10987.599609375
1996-05-21,,617.27001953125,,1146.0799560546875,3126.166015625,2310.199951171875,11088.7998046875
1996-05-22,,616.3670043945312,,1140.4000244140625,3155.15869140625,2313.0,11082.7998046875
1996-05-23,,617.2960205078125,,1141.5400390625,3195.42822265625,2335.89990234375,11030.7998046875
1996-05-24,,618.036865234375,,1151.68994140625,3212.26416015625,2351.10009765625,11019.2001953125
1996-05-27,,620.6438598632812,,1140.699951171875,3255.262939453125,2350.39990234375,11081.7001953125
1996-05-28,,620.9618530273438,,1141.97998046875,3246.925048828125,2356.89990234375,11107.0
1996-05-29,,622.4607543945312,,1137.949951171875,3284.215576171875,2334.39990234375,11200.599609375
1996-05-30,,617.218017578125,,1141.0699462890625,3285.455322265625,2332.89990234375,11157.099609375
1996-05-31,,617.4420166015625,,,3249.424560546875,,11264.7001953125
1996-06-03,,624.45263671875,,1131.5,3230.539306640625,2323.60009765625,11059.7998046875
1996-06-04,,615.8950805664062,,1133.6199951171875,3214.213623046875,2318.699951171875,11086.900390625
1996-06-05,,616.0540771484375,,1135.3900146484375,3238.7373046875,2326.800048828125,11092.5
1996-06-06,,613.195068359375,,1134.75,3236.427734375,2334.300048828125,11225.7998046875
1996-06-07,,612.7421264648438,,1131.6700439453125,3272.2685546875,2338.300048828125,11196.599609375
1996-06-10,,611.668212890625,,1128.8699951171875,3285.85498046875,2333.89990234375,11143.2001953125
1996-06-11,,608.5043334960938,,1121.9200439453125,3248.334716796875,2309.300048828125,10993.599609375
1996-06-12,,596.0737915039062,,1123.47998046875,3248.334716796875,2289.199951171875,10958.7001953125
1996-06-13,,581.5043334960938,,1121.6199951171875,3208.644775390625,2277.0,10866.0
1996-06-14,,592.3389282226562,,1125.47998046875,3165.506103515625,2270.89990234375,10865.0
1996-06-17,,590.7109985351562,,1124.81005859375,3169.744873046875,2272.300048828125,
1996-06-18,,588.2091064453125,,1124.949951171875,3169.26513671875,2267.60009765625,10952.7998046875
1996-06-19,,583.15234375,,1130.27001953125,3186.0107421875,2291.89990234375,10904.5
1996-06-20,,580.6513671875,,1142.3299560546875,3190.40966796875,2299.199951171875,
1996-06-21,,572.82763671875,,1146.3800048828125,3211.454345703125,2303.300048828125,10855.2998046875
1996-06-24,,578.75048828125,,1151.0,3226.330322265625,2307.199951171875,10959.7001953125
1996-06-25,,584.1842651367188,,1146.8800048828125,3215.753173828125,2299.10009765625,10982.7998046875
1996-06-26,,592.7619018554688,,1130.77001953125,3239.556884765625,2285.0,11059.900390625
1996-06-27,,592.0149536132812,,1135.6199951171875,3255.69287109375,,11002.5
1996-06-28,,594.23583984375,,1136.31005859375,3274.41796875,2296.199951171875,11020.900390625
1996-07-01,,596.2578125,,1137.050048828125,3293.2431640625,2291.5,11002.599609375
1996-07-02,,594.3848266601562,,1139.8199462890625,3304.830078125,2273.5,11084.400390625
1996-07-03,,594.0479125976562,,1135.0699462890625,3350.868408203125,2271.60009765625,11063.2998046875
1996-07-04,,588.589111328125,,1137.9200439453125,3350.868408203125,2268.300048828125,11181.7998046875
1996-07-05,,575.0276489257812,,1133.1800537109375,3373.532470703125,2259.0,11177.099609375
1996-07-08,,573.8096313476562,,1129.3699951171875,3319.306396484375,2221.300048828125,10890.099609375
1996-07-09,,574.86767578125,,1135.510009765625,3273.418212890625,2215.39990234375,10929.599609375
1996-07-10,,577.9335327148438,,1132.1300048828125,3272.02880859375,2230.39990234375,10911.7998046875
1996-07-11,,579.6683959960938,,1137.969970703125,3225.190673828125,2223.10009765625,10921.400390625
1996-07-12,,579.9244384765625,,1138.1700439453125,3212.274169921875,2209.39990234375,10802.7001953125
1996-07-15,,578.9884643554688,,1134.4100341796875,3247.47509765625,2180.800048828125,10800.099609375
1996-07-16,,573.3046875,,1123.77001953125,3198.49755859375,2179.5,10628.0
1996-07-17,,576.2435302734375,,1126.5,3186.84033203125,2204.0,10609.099609375
1996-07-18,,576.3065185546875,,1123.3599853515625,3187.220458984375,2191.0,10711.2001953125
1996-07-19,,580.0513916015625,,1126.4000244140625,3227.47021484375,2202.800048828125,10845.2998046875
1996-07-22,,579.7404174804688,,1111.969970703125,3216.5927734375,2174.10009765625,10798.2998046875
1996-07-23,,578.1624755859375,,1107.280029296875,3169.28515625,2169.5,10865.2998046875
1996-07-24,,571.7037353515625,,1096.31005859375,3074.569580078125,2137.10009765625,10699.900390625
1996-07-25,,568.4249267578125,,1092.8199462890625,3086.456298828125,2127.39990234375,10707.0
1996-07-26,,561.2872314453125,,1084.0799560546875,3063.812255859375,2130.0,10705.599609375
1996-07-29,,540.7169189453125,,,3022.652587890625,2098.60009765625,10651.7998046875
1996-07-30,,533.460205078125,,1053.280029296875,2997.7392578125,2083.199951171875,10585.900390625
1996-07-31,,536.0081176757812,,1068.22998046875,3027.5615234375,2111.800048828125,10681.400390625
1996-08-01,,548.9146118164062,,1087.969970703125,3107.8408203125,2119.60009765625,10789.900390625
1996-08-02,,560.940185546875,,1096.1700439453125,3154.408935546875,2136.5,10962.0
1996-08-05,,562.8120727539062,,1106.2900390625,3153.169189453125,2146.699951171875,11071.400390625
1996-08-06,,554.7683715820312,,1093.52001953125,3120.717529296875,2129.39990234375,11134.599609375
1996-08-07,,553.9214477539062,,1100.1300048828125,3128.015625,2134.5,11127.5
1996-08-08,,548.15966796875,,1100.719970703125,3111.98974609375,2129.0,11164.400390625
1996-08-09,,547.692626953125,,1105.199951171875,3087.39599609375,,11104.0
1996-08-12,,543.923828125,,1103.760009765625,3075.629150390625,2115.699951171875,11181.900390625
1996-08-13,,537.4891357421875,,1105.3499755859375,3111.86962890625,2102.10009765625,11165.7001953125
1996-08-14,,535.879150390625,,1102.56005859375,3100.982666015625,2097.5,11166.7998046875
1996-08-15,,532.3882446289062,,1096.0400390625,3092.9345703125,2099.89990234375,11158.400390625
1996-08-16,,536.7101440429688,,1102.0899658203125,3107.90087890625,2100.39990234375,11176.0
1996-08-19,,537.05615234375,,1103.3599853515625,3091.874755859375,2105.699951171875,11213.5
1996-08-20,,539.5839233398438,,1105.43994140625,3089.8955078125,2123.800048828125,11312.5
1996-08-21,,542.179931640625,,1122.8199462890625,3110.76025390625,2155.60009765625,11436.5
1996-08-22,,544.2608032226562,,1120.760009765625,3186.96044921875,2162.699951171875,11478.7998046875
1996-08-23,,549.1906127929688,,1119.47998046875,3225.630615234375,2181.5,11424.599609375
1996-08-26,,552.7184448242188,,1116.3699951171875,3209.474853515625,2160.0,
1996-08-27,,549.4986572265625,,1113.449951171875,3195.568115234375,2171.5,11338.900390625
1996-08-28,,548.4036254882812,,1111.3299560546875,3200.156982421875,2159.89990234375,11379.5
1996-08-29,,550.0066528320312,,1110.489990234375,3214.96337890625,2162.699951171875,11328.2001953125
1996-08-30,,547.588623046875,,1118.5699462890625,3219.882080078125,2153.5,11159.0
1996-09-02,,544.9988403320312,,1106.199951171875,3248.554443359375,2128.800048828125,11106.599609375
1996-09-03,,540.5199584960938,,1093.3199462890625,3207.065185546875,2105.300048828125,10957.2001953125
1996-09-04,,545.979736328125,,1105.4200439453125,3196.778076171875,2094.5,11077.0
1996-09-05,,543.0119018554688,,1107.489990234375,3190.739501953125,2110.300048828125,11040.5
1996-09-06,,543.7297973632812,,1105.3299560546875,3169.344970703125,2096.699951171875,11025.599609375
1996-09-09,,542.4959716796875,,1104.280029296875,3165.60595703125,2098.5,11212.599609375
1996-09-10,,545.0857543945312,,1111.75,3200.97705078125,2111.699951171875,11223.599609375
1996-09-11,,542.6988525390625,,1109.93994140625,3185.370849609375,2103.0,11236.400390625
1996-09-12,,546.4407348632812,,1113.5,3193.73876953125,2116.39990234375,11251.7001953125
1996-09-13,,549.0146484375,,1117.550048828125,3192.85888671875,2126.300048828125,11369.0
1996-09-16,,554.37939453125,,1131.550048828125,3232.838623046875,2154.5,11567.900390625
1996-09-17,,561.9201049804688,,1134.8800048828125,3258.882080078125,2189.10009765625,11621.599609375
1996-09-18,,559.6752319335938,,1128.739990234375,3247.7548828125,2182.300048828125,11594.0
1996-09-19,,565.5419921875,,1127.72998046875,3236.19775390625,2206.10009765625,11586.7001953125
1996-09-20,,568.9718627929688,,1130.5999755859375,3241.386474609375,2187.89990234375,11592.400390625
1996-09-23,,570.1448364257812,,1126.510009765625,3243.7060546875,2156.800048828125,11622.099609375
1996-09-24,,569.7438354492188,,1123.719970703125,3235.64794921875,2160.300048828125,11546.7001953125
1996-09-25,,572.2637329101562,,1129.31005859375,3234.20849609375,2165.199951171875,11603.5
1996-09-26,,571.2357788085938,,1128.81005859375,3221.731689453125,2172.5,11636.099609375
1996-09-27,,573.2806396484375,,1129.1400146484375,3222.88134765625,2171.800048828125,11759.400390625
1996-09-30,,573.9166870117188,,1135.27001953125,3168.965087890625,2177.199951171875,11902.400390625
1996-10-01,,580.1893310546875,,1134.9599609375,3189.159912109375,2171.699951171875,11921.2001953125
1996-10-02,,589.2841186523438,,1139.3199462890625,3171.064453125,2162.89990234375,11951.900390625
1996-10-03,,589.7670288085938,,1147.719970703125,3129.455322265625,2150.800048828125,12014.599609375
1996-10-04,,588.3261108398438,,1150.1800537109375,3130.3349609375,2148.89990234375,11905.5
1996-10-07,,586.2881469726562,,1148.5,3120.227783203125,2126.699951171875,12133.099609375
1996-10-08,,574.7576904296875,,1143.0799560546875,3036.75927734375,2116.0,12106.7998046875
1996-10-09,,566.2958984375,,1140.9200439453125,3025.4619140625,2135.5,12250.599609375
1996-10-10,,567.9069213867188,,1138.9200439453125,3001.578369140625,2110.60009765625,12242.5
1996-10-11,,571.2088012695312,,1140.739990234375,2972.82568359375,2076.699951171875,12218.400390625
1996-10-14,,570.9547729492188,,1148.8499755859375,2935.10546875,2045.5999755859375,12330.400390625
1996-10-15,,568.5679321289062,,1156.4000244140625,2926.67724609375,2060.5,12490.7001953125
1996-10-16,,565.7579956054688,,1156.8299560546875,2982.802978515625,2071.300048828125,12396.2001953125
1996-10-17,,569.099853515625,,1158.4200439453125,3060.273193359375,2068.699951171875,12436.7998046875
1996-10-18,,570.1778564453125,,1175.5999755859375,3098.93310546875,2064.5,12510.099609375
1996-10-21,,572.4466552734375,,1174.010009765625,3091.545166015625,2044.199951171875,
1996-10-22,,571.7847290039062,,1175.97998046875,3072.330078125,2038.800048828125,12444.7001953125
1996-10-23,,575.379638671875,,1178.3499755859375,3048.80615234375,2046.5,12492.400390625
1996-10-24,,575.8635864257812,,1177.1300048828125,3040.998046875,2059.60009765625,12473.599609375
1996-10-25,,571.3128051757812,,1172.949951171875,2961.83837890625,2077.199951171875,12388.400390625
1996-10-28,,567.2518920898438,,1162.0899658203125,2851.4267578125,2067.89990234375,12262.7998046875
1996-10-29,,567.73193359375,,1160.8499755859375,2903.663330078125,2062.0,12192.2001953125
1996-10-30,,568.8408203125,,1160.739990234375,2926.547607421875,2084.0,12405.5
1996-10-31,,568.0068969726562,,1168.31005859375,2963.238037109375,2083.199951171875,12477.599609375
1996-11-01,,570.6368408203125,,1172.47998046875,2963.238037109375,2068.199951171875,12529.2998046875
1996-11-04,,578.2854614257812,,1177.0699462890625,2975.374755859375,2075.800048828125,12559.400390625
1996-11-05,,583.8472900390625,,1176.81005859375,2986.412109375,2070.199951171875,12502.7001953125
1996-11-06,,587.3161010742188,,1179.0899658203125,2997.6591796875,2080.5,12775.5
1996-11-07,,594.56982421875,,1177.9300537109375,3062.272705078125,2102.699951171875,12735.2998046875
1996-11-08,,601.99658203125,,1179.5999755859375,3089.20556640625,2117.199951171875,12751.2001953125
1996-11-11,,601.110595703125,,,3046.186767578125,,12771.900390625
1996-11-12,,597.0267944335938,,1189.2099609375,3046.95654296875,2128.199951171875,12806.2998046875
1996-11-13,,595.4708251953125,,1183.52001953125,3048.7060546875,2146.5,12943.7001953125
1996-11-14,,600.8886108398438,,1189.4300537109375,3072.02001953125,2189.800048828125,13004.7998046875
1996-11-15,,616.8660278320312,,1192.1600341796875,3072.0,2193.60009765625,12889.400390625
1996-11-18,,620.8358154296875,,1194.4000244140625,3104.751708984375,2178.0,13042.7998046875
1996-11-19,,615.1830444335938,,1196.0799560546875,3108.220703125,2170.199951171875,13056.900390625
1996-11-20,,606.734375,,1202.0899658203125,3116.818603515625,2194.300048828125,13167.2001953125
1996-11-21,,602.9635620117188,,1205.719970703125,3098.3134765625,2197.699951171875,13099.599609375
1996-11-22,,612.837158203125,,1217.9599609375,3101.5625,2194.800048828125,13116.7998046875
1996-11-25,,628.2125244140625,,1225.6199951171875,3103.661865234375,2205.699951171875,13239.400390625
1996-11-26,,626.2006225585938,,1234.72998046875,3073.48974609375,2219.89990234375,13485.2998046875
1996-11-27,,620.245849609375,,1234.1700439453125,3064.86181640625,2220.39990234375,13531.0
1996-11-28,,611.4782104492188,,1231.0999755859375,3062.952392578125,2199.699951171875,13310.7998046875
1996-11-29,,612.9890747070312,,1226.52001953125,3089.365478515625,2188.10009765625,13393.900390625
1996-12-02,,616.1441040039062,,1220.1800537109375,3094.944091796875,2193.39990234375,13517.599609375
1996-12-03,,620.7848510742188,,1218.0699462890625,3100.562744140625,2185.699951171875,13456.2998046875
1996-12-04,,626.24462890625,,1223.780029296875,3130.065185546875,2194.39990234375,13434.2001953125
1996-12-05,,634.2713623046875,,1224.93994140625,3162.516845703125,2214.199951171875,13491.599609375
1996-12-06,,628.0985107421875,,1191.3199462890625,3138.642822265625,2190.39990234375,13102.7001953125
1996-12-09,,634.55126953125,,1203.3599853515625,3089.365478515625,2197.10009765625,13144.2001953125
1996-12-10,,626.6536254882812,,1214.5799560546875,3127.57568359375,2209.5,13342.5
1996-12-11,885.8599853515625,626.5496215820312,704.6799926757812,1204.3900146484375,3159.947509765625,2192.5,13189.599609375
1996-12-12,872.25,627.87451171875,689.3800048828125,1199.68994140625,3128.3056640625,2182.60009765625,13053.2998046875
1996-12-13,872.6699829101562,624.4336547851562,689.0700073242188,1188.449951171875,3119.397705078125,2179.10009765625,12784.099609375
1996-12-16,872.760009765625,623.5897216796875,673.9199829101562,1197.300048828125,3114.779052734375,2183.300048828125,12937.5
1996-12-17,867.22998046875,623.7807006835938,663.3499755859375,1193.8299560546875,3092.414794921875,2176.5,12815.400390625
1996-12-18,853.8200073242188,629.4275512695312,661.3900146484375,1191.8900146484375,3105.001708984375,2195.800048828125,12766.0
1996-12-19,832.5999755859375,628.2944946289062,690.969970703125,1201.030029296875,3153.569091796875,2199.39990234375,12846.599609375
1996-12-20,816.7899780273438,632.4993286132812,700.8699951171875,1203.06005859375,3179.38232421875,2196.800048828125,13131.400390625
1996-12-23,819.7899780273438,633.04833984375,684.8099975585938,1197.780029296875,3139.11279296875,2195.89990234375,13331.5
1996-12-24,826.719970703125,632.7193603515625,677.760009765625,1209.3199462890625,3151.719482421875,2187.199951171875,13341.599609375
1996-12-25,841.4199829101562,,,,,,
1996-12-26,826.47998046875,632.4723510742188,659.010009765625,1207.6800537109375,3164.706298828125,2197.699951171875,
1996-12-27,835.7100219726562,637.4072265625,651.219970703125,1209.0,3169.744873046875,2202.60009765625,13404.099609375
1996-12-30,831.5700073242188,,,1214.68994140625,,2218.5,13480.7998046875
1996-12-31,,,,1237.9599609375,,2216.800048828125,13451.5
1997-01-02,803.1300048828125,638.0781860351562,,1230.530029296875,3153.6689453125,,13203.400390625
1997-01-03,787.469970703125,646.1687622070312,653.7899780273438,1231.449951171875,3168.4453125,2224.10009765625,13222.7998046875
1997-01-06,790.22998046875,653.9315185546875,626.8699951171875,1233.1199951171875,3185.551025390625,2245.699951171875,13443.900390625
1997-01-07,820.1099853515625,660.3412475585938,611.0499877929688,1237.5,3194.6484375,2246.60009765625,13420.2001953125
1997-01-08,831.9299926757812,662.1792602539062,621.4099731445312,1239.5400390625,3206.16552734375,2243.300048828125,13454.900390625
1997-01-09,843.219970703125,657.4073486328125,639.8699951171875,1236.9200439453125,3222.531494140625,2253.699951171875,13198.099609375
1997-01-10,840.5,657.8423461914062,648.6900024414062,1232.3800048828125,3261.30126953125,2242.300048828125,13191.5
1997-01-13,822.8900146484375,656.0675048828125,659.5399780273438,1220.3800048828125,3269.46923828125,2232.39990234375,13289.2001953125
1997-01-14,807.6699829101562,656.62744140625,686.5900268554688,1211.0400390625,3260.88134765625,2215.5,13293.900390625
1997-01-15,828.9099731445312,656.04150390625,699.760009765625,1216.6400146484375,3257.682373046875,2221.199951171875,13766.7001953125
1997-01-16,822.5700073242188,658.6753540039062,711.8599853515625,1214.4200439453125,3289.34423828125,2220.39990234375,13830.7001953125
1997-01-17,832.5499877929688,663.9481201171875,701.1799926757812,1224.550048828125,3293.463134765625,2244.199951171875,13856.400390625
1997-01-20,841.030029296875,674.102783203125,718.4600219726562,1235.68994140625,3280.006591796875,2271.89990234375,13868.2001953125
1997-01-21,854.1799926757812,680.853515625,690.5399780273438,1220.6300048828125,3278.386962890625,2250.800048828125,13732.7998046875
1997-01-22,858.969970703125,686.0882568359375,678.9400024414062,1232.489990234375,3274.988037109375,2240.0,13692.7998046875
1997-01-23,849.1699829101562,684.955322265625,676.9099731445312,1241.8699951171875,3327.524169921875,2248.300048828125,13610.2998046875
1997-01-24,848.5599975585938,678.8825073242188,679.5599975585938,1244.1300048828125,3331.67333984375,2242.699951171875,13379.599609375
1997-01-27,840.4199829101562,684.955322265625,664.7000122070312,1239.3499755859375,3322.245849609375,2225.39990234375,13294.900390625
1997-01-28,842.6300048828125,689.9471435546875,662.8499755859375,1228.8900146484375,3341.130859375,2226.300048828125,13403.2998046875
1997-01-29,814.3900146484375,691.30810546875,663.5599975585938,1212.550048828125,3372.742919921875,2220.10009765625,13285.400390625
1997-01-30,820.1799926757812,687.2662963867188,676.52001953125,1215.030029296875,3391.8876953125,2216.699951171875,13288.400390625
1997-01-31,788.0399780273438,691.089111328125,685.8400268554688,1216.719970703125,3421.0302734375,2216.5,13321.7998046875
1997-02-03,761.6300048828125,687.4432373046875,687.25,1221.9000244140625,3446.7138671875,2218.10009765625,13451.099609375
1997-02-04,765.4199829101562,680.3054809570312,695.9500122070312,1235.3599853515625,3398.01611328125,2192.199951171875,13548.400390625
1997-02-05,744.5900268554688,686.8302612304688,698.5999755859375,1241.949951171875,3395.1669921875,2195.800048828125,13660.5
1997-02-06,749.1400146484375,694.251953125,700.219970703125,,3370.26318359375,2203.39990234375,
1997-02-07,747.760009765625,,,,3380.970703125,,
1997-02-10,737.22998046875,,709.7899780273438,,3385.149658203125,,13643.5
1997-02-11,733.989990234375,,713.4299926757812,1235.3599853515625,3357.83642578125,2197.10009765625,13454.2001953125
1997-02-12,722.5700073242188,701.0277099609375,712.5,1254.4200439453125,3338.971435546875,2224.60009765625,13462.599609375
1997-02-13,698.0599975585938,707.3414916992188,716.7100219726562,1259.0999755859375,3334.87255859375,2254.699951171875,13240.0
1997-02-14,713.47998046875,704.4485473632812,721.0,1246.9100341796875,3321.446044921875,2252.5,13113.2998046875
1997-02-17,708.2000122070312,701.7377319335938,712.9299926757812,1252.47998046875,3313.988037109375,2256.10009765625,13144.599609375
1997-02-18,700.1500244140625,695.18994140625,706.9400024414062,1247.9000244140625,3305.579833984375,2229.800048828125,13102.900390625
1997-02-19,731.739990234375,694.85595703125,713.6699829101562,1258.6400146484375,3314.667724609375,2247.0,13106.2998046875
1997-02-20,747.7000122070312,698.6417846679688,711.1300048828125,1266.219970703125,3309.578857421875,2252.0,13411.2998046875
1997-02-21,,696.4679565429688,686.719970703125,1262.8599853515625,3301.131103515625,2241.300048828125,13444.900390625
1997-02-24,742.0800170898438,697.3418579101562,676.5900268554688,1264.9000244140625,3337.8115234375,2234.0,13375.7001953125
1997-02-25,739.75,701.2797241210938,682.8099975585938,1271.5699462890625,3362.215576171875,2202.0,13520.2998046875
1997-02-26,739.8200073242188,712.5792236328125,679.7100219726562,1265.3699951171875,3348.958984375,2216.10009765625,13541.7998046875
1997-02-27,726.010009765625,709.8934326171875,669.4099731445312,1259.43994140625,3333.082763671875,2190.60009765625,13546.599609375
1997-02-28,727.5599975585938,705.3465576171875,676.530029296875,1270.6700439453125,3314.427734375,2195.699951171875,13398.7001953125
1997-03-03,707.239990234375,700.081787109375,679.6400146484375,1260.43994140625,3319.556396484375,2196.300048828125,13507.2998046875
1997-03-04,688.739990234375,695.4959716796875,679.969970703125,1247.22998046875,3301.970947265625,2189.39990234375,13450.099609375
1997-03-05,683.719970703125,686.1322631835938,674.9000244140625,1252.280029296875,3291.45361328125,2192.5,13410.7998046875
1997-03-06,676.6500244140625,683.0814208984375,678.1099853515625,1249.8399658203125,3278.976806640625,2179.89990234375,13416.400390625
1997-03-07,691.4500122070312,683.7793579101562,681.219970703125,1251.2099609375,3285.60498046875,2178.300048828125,13337.400390625
1997-03-10,703.3200073242188,688.0222778320312,667.3499755859375,1237.47998046875,3288.494384765625,2172.5,13268.7998046875
1997-03-11,719.9500122070312,687.9072875976562,655.9500122070312,1250.3299560546875,3280.146484375,2194.800048828125,13252.2001953125
1997-03-12,720.27001953125,682.5794677734375,663.9000244140625,1249.719970703125,3269.799072265625,2177.39990234375,13119.099609375
1997-03-13,716.6799926757812,669.9649658203125,657.9000244140625,1249.760009765625,3260.401611328125,2154.300048828125,12917.099609375
1997-03-14,694.9099731445312,666.8160400390625,642.0800170898438,1242.469970703125,3233.95849609375,2135.5,12736.5
1997-03-17,686.9199829101562,670.9098510742188,658.9000244140625,1234.030029296875,3231.029296875,2135.199951171875,12838.5
1997-03-18,693.8699951171875,659.4153442382812,657.969970703125,1226.8699951171875,3214.813232421875,2124.300048828125,12748.900390625
1997-03-19,700.6199951171875,663.1482543945312,646.2899780273438,1234.8299560546875,3199.787353515625,2120.60009765625,12651.400390625
1997-03-20,703.0900268554688,663.1062622070312,642.8599853515625,1225.989990234375,3205.845458984375,2095.39990234375,12472.2998046875
1997-03-21,702.0999755859375,656.0814819335938,627.6300048828125,1212.93994140625,3200.826904296875,2068.5,12489.2998046875
1997-03-24,713.8499755859375,649.5947265625,617.260009765625,1214.5999755859375,3221.631591796875,2094.39990234375,12749.099609375
1997-03-25,710.6799926757812,657.2604370117188,638.9000244140625,1217.3399658203125,3203.29638671875,2100.0,12832.5
1997-03-26,714.2899780273438,659.328369140625,656.6199951171875,1225.5899658203125,3222.311279296875,2111.60009765625,12776.400390625
1997-03-27,712.6099853515625,662.2102661132812,651.6500244140625,1223.31005859375,3222.311279296875,2098.89990234375,12534.2998046875
1997-03-28,709.0900268554688,,652.8699951171875,1217.6400146484375,3222.311279296875,,
1997-03-31,705.4299926757812,,677.3400268554688,1203.0999755859375,3222.1513671875,2073.0,
1997-04-01,694.739990234375,651.9816284179688,672.989990234375,1187.77001953125,3170.974609375,2074.699951171875,12074.2001953125
1997-04-02,716.6400146484375,650.8516235351562,678.8599853515625,1181.0699462890625,3161.39697265625,2089.800048828125,12136.2998046875
1997-04-03,706.010009765625,641.5960083007812,678.739990234375,1152.510009765625,3103.971923828125,2078.10009765625,12055.2001953125
1997-04-04,714.0900268554688,637.4022216796875,687.4199829101562,1136.780029296875,3059.80322265625,2075.800048828125,12204.599609375
1997-04-07,,636.615234375,694.9000244140625,1134.22998046875,2990.191162109375,2088.10009765625,12287.7998046875
1997-04-08,715.3599853515625,638.1981201171875,694.969970703125,1162.25,2908.55224609375,2104.699951171875,12398.599609375
1997-04-09,712.6300048828125,,698.6599731445312,1163.8499755859375,2908.55224609375,2103.199951171875,12426.7001953125
1997-04-10,715.3300170898438,635.5322875976562,688.0399780273438,1147.9599609375,2948.261962890625,2087.300048828125,12358.7001953125
1997-04-11,713.6199951171875,637.1232299804688,693.9400024414062,1138.3599853515625,2976.014892578125,2068.5,12516.599609375
1997-04-14,,635.1412963867188,704.2000122070312,1101.0899658203125,2932.086181640625,2034.5999755859375,12296.0
1997-04-15,,631.2493896484375,701.3900146484375,1086.6700439453125,2948.70166015625,2033.0,12342.0
1997-04-16,716.8900146484375,632.7943115234375,702.4199829101562,1087.780029296875,2960.208740234375,2040.199951171875,12581.2998046875
1997-04-17,701.760009765625,637.5691528320312,694.760009765625,1104.5799560546875,2927.117431640625,2043.199951171875,12516.2001953125
1997-04-18,700.22998046875,,695.6699829101562,,2944.222900390625,,12541.099609375
1997-04-21,694.2100219726562,642.2349853515625,697.3400268554688,1127.5999755859375,2944.222900390625,2037.9000244140625,12626.0
1997-04-22,691.1599731445312,646.2158203125,687.9600219726562,1120.5,2859.714599609375,2047.5999755859375,12580.900390625
1997-04-23,689.7899780273438,651.4246215820312,693.0499877929688,1109.5999755859375,2912.81103515625,2034.800048828125,12707.0
1997-04-24,688.4199829101562,652.9585571289062,690.7999877929688,1096.530029296875,2905.5830078125,2020.199951171875,12726.7998046875
1997-04-25,684.0,652.4506225585938,692.47998046875,1089.449951171875,2871.631591796875,2019.5999755859375,12645.7998046875
1997-04-28,672.47998046875,656.5044555664062,704.1599731445312,1074.8599853515625,2836.58056640625,1996.800048828125,12610.2001953125
1997-04-29,658.5900268554688,647.2047729492188,704.0499877929688,1059.510009765625,2707.74365234375,1990.199951171875,12600.400390625
1997-04-30,661.2899780273438,652.0236206054688,703.22998046875,1080.1700439453125,2647.4892578125,2004.300048828125,12903.2998046875
1997-05-01,,650.4327392578125,,,2647.4892578125,,13020.7998046875
1997-05-02,660.0999755859375,647.8687744140625,706.0999755859375,1097.9599609375,2604.97998046875,2016.199951171875,13081.7001953125
1997-05-05,,652.7615966796875,,1094.969970703125,2735.716552734375,2028.5999755859375,13399.2998046875
1997-05-06,643.280029296875,659.578369140625,701.5700073242188,1090.0,2775.816162109375,2055.699951171875,13579.2998046875
1997-05-07,626.5700073242188,666.8170776367188,689.0999755859375,1107.1400146484375,2693.707275390625,2068.10009765625,13605.900390625
1997-05-08,614.0599975585938,,684.6900024414062,,2681.41064453125,2059.39990234375,13740.2998046875
1997-05-09,605.4299926757812,673.662841796875,687.6199951171875,1107.3699951171875,2670.703125,2066.199951171875,13930.7998046875
1997-05-12,,675.7866821289062,672.0999755859375,1088.52001953125,2670.703125,2101.5,13987.7998046875
1997-05-13,600.239990234375,672.8388061523438,683.8599853515625,1084.550048828125,2676.421875,2113.0,13906.5
1997-05-14,571.2999877929688,670.2599487304688,,1072.489990234375,2705.224365234375,2098.300048828125,14153.599609375
1997-05-15,557.8699951171875,656.96044921875,699.9500122070312,1041.27001953125,2630.413818359375,2069.699951171875,14041.900390625
1997-05-16,561.1900024414062,657.0474243164062,699.530029296875,1041.9100341796875,2575.467529296875,2060.5,14062.400390625
1997-05-19,577.0999755859375,652.5245971679688,721.2000122070312,1041.3900146484375,2508.715087890625,2050.89990234375,14108.7998046875
1997-05-20,,652.799560546875,734.6699829101562,1058.6199951171875,2498.7373046875,2054.0,14236.2001953125
1997-05-21,596.1900024414062,654.0655517578125,737.7100219726562,,2538.3173828125,,14235.5
1997-05-22,581.3900146484375,,724.3800048828125,1071.030029296875,2586.02490234375,2061.699951171875,14212.0
1997-05-23,581.1300048828125,658.496337890625,730.530029296875,1078.199951171875,2597.531982421875,2055.39990234375,14331.7001953125
1997-05-26,568.3599853515625,663.1692504882812,718.989990234375,1081.18994140625,2597.531982421875,2056.300048828125,14574.599609375
1997-05-27,569.8400268554688,668.822998046875,723.3499755859375,1081.8800048828125,2710.212890625,2076.0,14540.2001953125
1997-05-28,562.8300170898438,672.4728393554688,738.1199951171875,1096.3299560546875,2721.969970703125,2064.39990234375,14556.5
1997-05-29,558.1699829101562,689.4711303710938,742.5,1105.6199951171875,2757.90087890625,2067.199951171875,14416.599609375
1997-05-30,566.3900146484375,696.0009765625,746.3599853515625,1104.8299560546875,2808.727783203125,2065.5,14757.7998046875
1997-06-02,563.3499755859375,699.7037963867188,758.3900146484375,1117.969970703125,2819.994873046875,2060.89990234375,14991.0
1997-06-03,556.5700073242188,698.373779296875,766.0599975585938,1126.8299560546875,2802.0595703125,2061.199951171875,14760.2001953125
1997-06-04,552.8699951171875,693.511962890625,763.25,1119.280029296875,2795.391357421875,2047.9000244140625,14831.599609375
1997-06-05,548.0499877929688,691.955078125,765.6699829101562,1108.8399658203125,2777.7255859375,2043.699951171875,14795.5
1997-06-06,530.6199951171875,694.9889526367188,,1117.31005859375,2762.08984375,2032.300048828125,14655.099609375
1997-06-09,534.4600219726562,692.4771118164062,775.010009765625,1117.199951171875,2777.65576171875,2030.199951171875,
1997-06-10,527.219970703125,689.7381591796875,769.8300170898438,1110.3599853515625,2774.396728515625,2014.800048828125,14439.7001953125
1997-06-11,521.4000244140625,693.0089721679688,765.7899780273438,1108.25,2787.0234375,1993.5,14421.5
1997-06-12,519.0499877929688,695.1929321289062,774.6599731445312,1100.4100341796875,2787.0234375,1990.699951171875,13924.2998046875
1997-06-13,515.5999755859375,698.5927734375,789.1500244140625,1078.3800048828125,2800.889892578125,1990.0999755859375,14112.599609375
1997-06-16,511.54998779296875,705.2605590820312,789.0499877929688,1077.4000244140625,2790.142578125,1991.0999755859375,14394.599609375
1997-06-17,497.7200012207031,705.0565185546875,792.2899780273438,1076.9300537109375,2797.53076171875,2004.300048828125,14307.2001953125
1997-06-18,482.94000244140625,710.7583618164062,773.2100219726562,1088.1199951171875,2822.624267578125,1985.0999755859375,14203.900390625
1997-06-19,464.7699890136719,708.4174194335938,770.9500122070312,1097.47998046875,2905.222900390625,2003.0,14506.5
1997-06-20,480.25,712.1962280273438,770.219970703125,1097.5400390625,2880.9892578125,2008.4000244140625,15154.400390625
1997-06-23,504.5299987792969,719.6099853515625,753.0499877929688,1088.97998046875,2807.927978515625,2034.800048828125,15021.2001953125
1997-06-24,493.1300048828125,713.3592529296875,753.7000122070312,1077.9200439453125,2817.54541015625,2041.4000244140625,14891.0
1997-06-25,496.0299987792969,712.4672241210938,744.989990234375,1069.9599609375,2828.562744140625,2023.9000244140625,15065.0
1997-06-26,520.02001953125,709.37939453125,744.3400268554688,1066.739990234375,2836.370849609375,1989.800048828125,15127.0
1997-06-27,528.1799926757812,716.801025390625,738.4299926757812,1070.06005859375,2834.30126953125,1974.4000244140625,15196.7998046875
1997-06-30,527.280029296875,724.52783203125,745.4000244140625,1077.300048828125,2808.48779296875,1988.0,
1997-07-01,,731.5905151367188,758.030029296875,1078.9000244140625,2814.816162109375,1981.300048828125,
1997-07-02,568.7899780273438,730.1265869140625,777.2899780273438,1084.8800048828125,2764.17919921875,1968.9000244140625,
1997-07-03,617.97998046875,735.46337890625,775.260009765625,1080.6099853515625,2741.71484375,1962.4000244140625,15055.7001953125
1997-07-04,657.0900268554688,736.568359375,781.7000122070312,1073.31005859375,2758.250732421875,1985.9000244140625,14823.0
1997-07-07,633.030029296875,737.9772338867188,773.510009765625,1060.530029296875,2752.442138671875,1998.0,14858.599609375
1997-07-08,614.1900024414062,740.8041381835938,767.739990234375,1057.77001953125,2697.966064453125,2007.199951171875,14792.2001953125
1997-07-09,635.7100219726562,738.1092529296875,771.989990234375,1033.239990234375,2588.534423828125,1983.0,14703.7001953125
1997-07-10,649.3300170898438,729.1226806640625,767.77001953125,1008.52001953125,2510.50439453125,1968.300048828125,14839.2001953125
1997-07-11,628.5499877929688,723.3878784179688,768.2999877929688,1017.6099853515625,2700.445556640625,1967.0999755859375,15225.2998046875
1997-07-14,611.9099731445312,722.4698486328125,764.4500122070312,1015.5,2710.033203125,1954.5999755859375,15370.900390625
1997-07-15,625.6599731445312,722.180908203125,755.0499877929688,1012.47998046875,2655.17724609375,1937.0999755859375,15487.2001953125
1997-07-16,663.6599731445312,723.4747924804688,739.719970703125,1004.0900268554688,2586.695068359375,1917.9000244140625,15446.0
1997-07-17,656.280029296875,,,,2619.706298828125,1920.5,15706.2998046875
1997-07-18,653.3699951171875,723.9718017578125,747.3699951171875,1001.5499877929688,2672.2626953125,1924.199951171875,15570.400390625
1997-07-21,,712.3742065429688,740.9299926757812,1022.6699829101562,2647.6591796875,1950.800048828125,15536.2998046875
1997-07-22,659.780029296875,711.4132690429688,725.97998046875,1018.010009765625,2656.047119140625,1950.5,15446.7998046875
1997-07-23,631.280029296875,718.1610717773438,730.5800170898438,1034.0699462890625,2635.6923828125,1974.699951171875,15738.7998046875
1997-07-24,634.0,712.0182495117188,739.0399780273438,1045.8900146484375,2572.138671875,1981.300048828125,15709.2001953125
1997-07-25,646.5800170898438,710.0303955078125,733.6400146484375,1041.260009765625,2572.028564453125,1981.0,15658.099609375
1997-07-28,680.6699829101562,710.7913208007812,733.9199829101562,1029.4100341796875,2591.54345703125,1975.0,15666.599609375
1997-07-29,682.1599731445312,716.3270874023438,732.6799926757812,1031.6099853515625,2591.79345703125,1977.0999755859375,15772.099609375
1997-07-30,679.530029296875,721.950927734375,726.8900146484375,1024.739990234375,2594.752685546875,1966.4000244140625,15983.2001953125
1997-07-31,665.6199951171875,721.241943359375,726.1199951171875,1012.8400268554688,2615.727294921875,1967.0999755859375,16365.7001953125
1997-08-01,652.0399780273438,721.743896484375,731.4500122070312,1002.6300048828125,2634.96240234375,1955.300048828125,16379.2001953125
1997-08-04,663.8200073242188,718.6809692382812,734.1900024414062,978.5599975585938,2638.8515625,1963.5999755859375,16259.599609375
1997-08-05,648.469970703125,713.8522338867188,740.8599853515625,945.0800170898438,2675.511962890625,1951.699951171875,16371.5
1997-08-06,635.3200073242188,699.8287963867188,745.6500244140625,951.739990234375,2694.09716796875,1958.5999755859375,16541.599609375
1997-08-07,638.0399780273438,677.9126586914062,745.3499755859375,928.3300170898438,2669.32373046875,1953.199951171875,16673.30078125
1997-08-08,636.8499755859375,675.40966796875,752.010009765625,932.3599853515625,2647.139404296875,1943.9000244140625,16647.5
1997-08-11,632.25,658.1443481445312,765.0700073242188,902.1400146484375,2571.7685546875,1893.9000244140625,16460.5
1997-08-12,,662.9212646484375,762.02001953125,897.25,2534.748046875,1893.5,16383.400390625
1997-08-13,632.72998046875,658.578369140625,762.72998046875,908.8300170898438,2526.430419921875,1875.4000244140625,16482.900390625
1997-08-14,628.6900024414062,642.9859619140625,755.780029296875,918.5399780273438,2492.848876953125,1891.800048828125,16497.69921875
1997-08-15,623.25,617.6819458007812,,910.1799926757812,2448.30029296875,1953.800048828125,16096.900390625
1997-08-18,604.3400268554688,599.6126098632812,747.2899780273438,880.4500122070312,2368.06103515625,1918.9000244140625,
1997-08-19,590.4400024414062,590.507080078125,741.2899780273438,885.3099975585938,2368.06103515625,1918.5,15477.2998046875
1997-08-20,586.4099731445312,593.14794921875,746.22998046875,929.5700073242188,2407.44091796875,1943.9000244140625,15855.7001953125
1997-08-21,583.0399780273438,603.0365600585938,739.469970703125,909.239990234375,2458.407958984375,1946.5999755859375,15654.0
1997-08-22,559.5900268554688,574.3726806640625,736.6199951171875,905.0,2428.105712890625,1945.4000244140625,15429.7998046875
1997-08-25,529.6099853515625,540.907958984375,741.760009765625,883.9600219726562,2363.42236328125,1913.5999755859375,15598.900390625
1997-08-26,525.489990234375,554.2163696289062,734.030029296875,856.0,2300.228515625,1925.199951171875,15547.2001953125
1997-08-27,523.739990234375,555.4403686523438,730.280029296875,847.9199829101562,2283.44287109375,1916.0,15534.0
1997-08-28,511.75,530.3453979492188,716.8599853515625,812.1799926757812,2071.437255859375,1846.5999755859375,14876.099609375
1997-08-29,502.2300109863281,493.9427795410156,704.27001953125,804.4000244140625,2021.0003662109375,1805.5999755859375,14135.2001953125
1997-09-01,493.8399963378906,485.9500732421875,682.2000122070312,,1974.772216796875,1786.4000244140625,13425.7001953125
1997-09-02,515.3699951171875,478.995361328125,688.780029296875,795.72998046875,1949.90869140625,1796.199951171875,13735.2998046875
1997-09-03,514.0700073242188,512.5680541992188,688.6300048828125,750.760009765625,1993.6173095703125,1820.199951171875,14714.0
1997-09-04,522.2000122070312,533.8491821289062,687.989990234375,731.1199951171875,2077.145751953125,1826.5999755859375,14199.2001953125
1997-09-05,540.3900146484375,594.0899047851562,700.9199829101562,821.5900268554688,2108.677734375,1884.0999755859375,14563.599609375
1997-09-08,572.2999877929688,600.28759765625,697.97998046875,879.7100219726562,2106.03857421875,1891.9000244140625,14806.5
1997-09-09,565.010009765625,597.980712890625,688.969970703125,888.75,2228.287109375,1919.9000244140625,14996.7001953125
1997-09-10,541.5499877929688,574.99365234375,691.6199951171875,863.0800170898438,2212.201171875,1944.5999755859375,14805.400390625
1997-09-11,552.0900268554688,556.1143798828125,695.3699951171875,834.1699829101562,2144.738525390625,1927.699951171875,14308.2998046875
1997-09-12,534.1799926757812,546.6157836914062,699.3300170898438,852.0800170898438,2141.12939453125,1936.0,14470.5
1997-09-15,536.3599853515625,550.7395629882812,,844.0599975585938,2122.454345703125,1932.0999755859375,14630.7001953125
1997-09-16,527.2100219726562,534.8081665039062,,827.0800170898438,2109.0078125,1920.5999755859375,14411.2001953125
1997-09-17,517.4000244140625,526.7164916992188,,811.1199951171875,2073.4267578125,1910.199951171875,
1997-09-18,521.6500244140625,524.2515869140625,701.3900146484375,786.6799926757812,2009.333251953125,1896.0999755859375,14419.5
1997-09-19,523.2999877929688,531.058349609375,689.1599731445312,787.8400268554688,2078.03564453125,1894.699951171875,14384.099609375
1997-09-22,523.7999877929688,535.5802001953125,668.4500122070312,760.5,2095.691162109375,1908.199951171875,14108.099609375
1997-09-23,536.030029296875,539.4619140625,654.3699951171875,781.2000122070312,2049.14306640625,1916.0999755859375,14094.400390625
1997-09-24,547.02001953125,553.6244506835938,655.75,779.4099731445312,2076.506103515625,1900.5,14205.400390625
1997-09-25,567.3599853515625,559.1981811523438,647.0,789.3300170898438,2065.029052734375,1921.0999755859375,14636.599609375
1997-09-26,557.97998046875,549.8986206054688,638.260009765625,799.8099975585938,2080.2451171875,1922.9000244140625,14710.900390625
1997-09-29,549.47998046875,546.2167358398438,625.0700073242188,809.0700073242188,2058.62060546875,1934.800048828125,14864.400390625
1997-09-30,544.5399780273438,546.666748046875,647.1099853515625,814.5700073242188,2056.861083984375,1954.699951171875,15049.2998046875
1997-10-01,547.7999877929688,536.9651489257812,644.9199829101562,795.8300170898438,2067.088623046875,1941.699951171875,
1997-10-02,550.8599853515625,536.9031372070312,636.6500244140625,791.5800170898438,2030.94775390625,1927.5999755859375,
1997-10-03,548.3699951171875,515.4569091796875,,797.2899780273438,2029.1483154296875,1902.0,15128.0
1997-10-06,542.0499877929688,512.873046875,644.2100219726562,794.1500244140625,1960.73583984375,1880.5999755859375,14776.7998046875
1997-10-07,531.5900268554688,513.928955078125,630.030029296875,803.4500122070312,1920.13623046875,1880.300048828125,14810.7998046875
1997-10-08,524.6099853515625,518.9197998046875,610.4400024414062,836.5999755859375,1946.3294677734375,1882.0,14838.5
1997-10-09,528.25,521.0917358398438,609.3599853515625,824.9400024414062,2004.9844970703125,1861.5,14273.099609375
1997-10-10,534.5499877929688,534.731201171875,609.8400268554688,834.010009765625,2060.8798828125,1901.199951171875,
1997-10-13,532.9500122070312,534.80517578125,613.0,831.52001953125,2061.56005859375,1877.699951171875,14072.900390625
1997-10-14,525.1300048828125,528.8983764648438,620.6799926757812,822.5900268554688,2073.6767578125,1878.300048828125,13836.599609375
1997-10-15,535.5900268554688,518.894775390625,604.739990234375,801.52001953125,2039.5855712890625,1855.0,13384.2001953125
1997-10-16,531.5800170898438,517.0709228515625,579.25,802.02001953125,2035.9564208984375,1804.199951171875,13567.2998046875
1997-10-17,525.6400146484375,520.6647338867188,585.489990234375,794.7999877929688,2050.3525390625,1827.4000244140625,13601.0
1997-10-20,509.510009765625,514.1510009765625,565.6400146484375,767.969970703125,2015.2618408203125,1794.9000244140625,12970.900390625
1997-10-21,507.94000244140625,514.9479370117188,566.8499755859375,760.2999877929688,1993.37744140625,1771.199951171875,12403.099609375
1997-10-22,511.55999755859375,505.2133483886719,601.3200073242188,731.1699829101562,1928.47412109375,1731.699951171875,11637.7998046875
1997-10-23,,494.1177673339844,604.0599975585938,706.4500122070312,1832.4388427734375,1649.9000244140625,10426.2998046875
1997-10-24,494.0,490.3779296875,570.9099731445312,692.3900146484375,1847.3050537109375,1617.800048828125,11144.2998046875
1997-10-27,491.010009765625,490.1009216308594,530.469970703125,693.3900146484375,1856.862548828125,1619.9000244140625,10498.2001953125
1997-10-28,460.79998779296875,447.9785461425781,495.2799987792969,647.3200073242188,1739.732666015625,1497.0,9059.900390625
1997-10-29,457.1600036621094,472.0326232910156,506.6400146484375,662.47998046875,1813.68359375,1541.4000244140625,10765.2998046875
1997-10-30,445.0899963378906,502.8514404296875,485.0799865722656,,1812.6939697265625,,10362.900390625
1997-10-31,447.2099914550781,500.3985290527344,470.7900085449219,664.6900024414062,1817.62255859375,1586.0999755859375,10623.7998046875
1997-11-03,447.44000244140625,501.6944580078125,511.6600036621094,716.719970703125,1824.790771484375,1704.0,11255.099609375
1997-11-04,478.3299865722656,494.8297119140625,542.1300048828125,725.9400024414062,1880.6563720703125,1713.800048828125,10780.7998046875
1997-11-05,487.1099853515625,490.96685791015625,555.739990234375,733.760009765625,1900.181396484375,1700.0,10681.7998046875
1997-11-06,478.32000732421875,478.89434814453125,553.8699951171875,731.0399780273438,1892.5733642578125,1690.5,10412.599609375
1997-11-07,493.0400085449219,466.0978698730469,515.6300048828125,707.4500122070312,1893.1231689453125,1671.300048828125,10104.5
1997-11-10,487.94000244140625,462.6739807128906,525.3200073242188,689.52001953125,1851.493896484375,1663.699951171875,9992.7998046875
1997-11-11,467.94000244140625,448.1375427246094,522.1099853515625,692.489990234375,1861.80126953125,1684.0999755859375,10004.099609375
1997-11-12,469.3699951171875,449.6225280761719,517.489990234375,684.489990234375,1841.3365478515625,1685.800048828125,9607.900390625
1997-11-13,453.80999755859375,437.929931640625,519.469970703125,677.5800170898438,1803.08642578125,1690.699951171875,9720.7998046875
1997-11-14,456.8699951171875,436.82598876953125,520.010009765625,677.469970703125,1844.4757080078125,1700.300048828125,9957.2998046875
1997-11-17,441.8699951171875,439.5209045410156,496.9800109863281,667.2899780273438,1891.58349609375,1698.699951171875,10419.7998046875
1997-11-18,440.1300048828125,434.192138671875,494.6600036621094,622.0900268554688,1877.27734375,1689.0,10245.2001953125
1997-11-19,434.3699951171875,415.6378173828125,502.5899963378906,603.489990234375,1871.518798828125,1681.0,10154.400390625
1997-11-20,422.17999267578125,396.11456298828125,488.4100036621094,536.6199951171875,1872.2685546875,1641.0,10050.7001953125
1997-11-21,421.5899963378906,391.2427673339844,506.07000732421875,560.0900268554688,1849.194580078125,1642.4000244140625,10548.2001953125
1997-11-24,412.17999267578125,410.1900329589844,450.6400146484375,570.5700073242188,1831.4990234375,1681.9000244140625,10586.400390625
1997-11-25,396.5799865722656,395.6636047363281,439.5899963378906,541.5700073242188,1794.888427734375,1646.4000244140625,10325.599609375
1997-11-26,401.7900085449219,398.5234680175781,438.70001220703125,526.1199951171875,1798.927490234375,1653.5999755859375,10590.099609375
1997-11-27,399.42999267578125,401.6923522949219,433.1000061035156,550.239990234375,1760.9072265625,,10583.099609375
1997-11-28,395.4700012207031,,411.9100036621094,545.4400024414062,1771.484375,1660.5999755859375,10526.900390625
1997-12-01,387.55999755859375,398.6004638671875,393.1600036621094,528.4500122070312,1776.583251953125,1694.199951171875,10750.900390625
1997-12-02,378.1400146484375,394.26763916015625,376.8699951171875,536.9500122070312,1778.7926025390625,1697.300048828125,11216.400390625
1997-12-03,377.3800048828125,389.6668395996094,379.30999755859375,548.0599975585938,1799.02734375,1696.300048828125,11207.599609375
1997-12-04,388.7699890136719,401.91033935546875,405.80999755859375,575.8900146484375,1806.445556640625,1700.199951171875,11474.900390625
1997-12-05,,414.7618408203125,434.1199951171875,607.4000244140625,1899.5716552734375,1713.800048828125,11527.599609375
1997-12-08,401.79998779296875,423.5965270996094,414.8299865722656,676.469970703125,1956.706787109375,1753.5999755859375,11722.900390625
1997-12-09,390.6700134277344,425.47943115234375,388.0,629.1500244140625,1978.9910888671875,1734.199951171875,11490.7001953125
1997-12-10,,415.92083740234375,399.8500061035156,636.3599853515625,1972.332763671875,1703.5,11022.400390625
1997-12-11,371.510009765625,396.0925598144531,377.3699951171875,589.1799926757812,1875.1478271484375,1664.300048828125,10420.2001953125
1997-12-12,368.3900146484375,365.8387451171875,350.67999267578125,574.9199829101562,1854.26318359375,1633.0,10614.7001953125
1997-12-15,367.7300109863281,339.52276611328125,385.79998779296875,558.469970703125,1819.2022705078125,1600.5999755859375,10435.2001953125
1997-12-16,370.2799987792969,356.3711242675781,404.260009765625,544.3099975585938,1800.9168701171875,1561.800048828125,10346.400390625
1997-12-17,376.1600036621094,368.6706237792969,418.489990234375,556.7899780273438,1796.4381103515625,1569.5,10692.7001953125
1997-12-18,387.3800048828125,378.3712463378906,,577.5800170898438,1845.6153564453125,1591.4000244140625,10754.099609375
1997-12-19,385.25,378.78125,397.0199890136719,578.760009765625,1857.7423095703125,1572.5999755859375,10405.7998046875
1997-12-22,376.95001220703125,385.833984375,396.05999755859375,569.8300170898438,1886.6949462890625,1541.699951171875,10172.5
1997-12-23,366.8699951171875,397.01556396484375,366.3599853515625,556.3499755859375,1855.1829833984375,1536.300048828125,10368.099609375
1997-12-24,364.20001220703125,396.51556396484375,351.45001220703125,550.3499755859375,1846.775146484375,1573.0,10342.400390625
1997-12-25,360.0799865722656,,,,,,
1997-12-26,357.1300048828125,,375.1499938964844,560.9600219726562,1846.775146484375,1552.5,
1997-12-29,358.7699890136719,397.99853515625,,568.6599731445312,1868.7493896484375,1517.9000244140625,10503.0
1997-12-30,365.82000732421875,401.69635009765625,,589.3900146484375,,1514.800048828125,10755.2001953125
1997-12-31,372.69000244140625,,,594.4400024414062,,1529.800048828125,10722.7998046875
1998-01-02,,409.9950256347656,,571.9600219726562,1890.7838134765625,1518.199951171875,10680.599609375
1998-01-05,366.17999267578125,410.8139953613281,396.489990234375,546.7899780273438,1872.3585205078125,1496.0,10303.5
1998-01-06,370.2699890136719,402.2493591308594,406.3399963378906,525.739990234375,1820.1319580078125,1439.0999755859375,10135.5
1998-01-07,370.30999755859375,394.2236633300781,409.4200134277344,521.0,1746.8907470703125,1368.0999755859375,9538.599609375
1998-01-08,360.1700134277344,347.094482421875,423.9599914550781,507.1600036621094,1655.42431640625,1270.699951171875,9254.5
1998-01-09,349.6700134277344,342.9566345214844,414.0,491.6000061035156,1517.6097412109375,1176.4000244140625,8894.599609375
1998-01-12,339.1700134277344,350.2233581542969,456.20001220703125,477.57000732421875,1532.575927734375,1073.5,8121.10009765625
1998-01-13,348.9599914550781,382.1221008300781,463.739990234375,503.8900146484375,1590.5809326171875,1156.5,8720.0
1998-01-14,367.69000244140625,403.96527099609375,475.1300048828125,536.6799926757812,1685.7864990234375,1243.300048828125,9226.599609375
1998-01-15,364.1300048828125,387.2279357910156,505.9800109863281,525.469970703125,1706.4111328125,1233.4000244140625,8579.0
1998-01-16,383.010009765625,413.9039306640625,488.1000061035156,539.969970703125,1676.198974609375,1245.300048828125,8900.0
1998-01-19,420.7200012207031,439.01092529296875,528.77001953125,589.0800170898438,1771.4344482421875,1327.199951171875,9400.400390625
1998-01-20,413.7900085449219,448.02154541015625,533.5499877929688,585.3499755859375,1773.4039306640625,1296.9000244140625,9433.7001953125
1998-01-21,432.8599853515625,465.98486328125,506.6600036621094,590.5499877929688,1754.8187255859375,1311.4000244140625,9246.7998046875
1998-01-22,420.79998779296875,443.51171875,483.989990234375,575.2100219726562,1707.1710205078125,1269.5,8883.7001953125
1998-01-23,422.8699951171875,450.9664306640625,486.8599853515625,558.5700073242188,1703.6318359375,1259.800048828125,8920.2001953125
1998-01-26,424.510009765625,473.6675720214844,518.6400146484375,569.510009765625,1730.375,1256.300048828125,8973.900390625
1998-01-27,423.1000061035156,476.29248046875,,,1732.7044677734375,1259.9000244140625,9252.400390625
1998-01-28,434.2200012207031,485.9190673828125,,,1781.61181640625,,
1998-01-29,447.239990234375,,,,1796.2181396484375,,
1998-01-30,495.2300109863281,,558.3300170898438,,1947.50927734375,,
1998-02-02,554.75,554.0853881835938,543.6799926757812,,2145.1484375,1433.0,10578.599609375
1998-02-03,558.9199829101562,536.7691040039062,550.2100219726562,701.3099975585938,2085.34375,1417.9000244140625,10525.5
1998-02-04,505.5899963378906,519.9087524414062,547.280029296875,690.760009765625,2041.614990234375,1425.199951171875,10302.599609375
1998-02-05,531.1099853515625,513.4690551757812,528.0499877929688,712.8099975585938,2048.623046875,1492.199951171875,10442.099609375
1998-02-06,535.97998046875,535.408203125,540.4500122070312,728.1900024414062,2036.2564697265625,1536.9000244140625,10485.900390625
1998-02-09,530.5,529.2333984375,554.239990234375,727.4000244140625,2050.162841796875,1543.699951171875,10873.2001953125
1998-02-10,524.52001953125,517.6808471679688,541.77001953125,742.5700073242188,2078.335693359375,1603.0,10859.7001953125
1998-02-11,,487.5909729003906,520.1400146484375,739.8699951171875,2217.749755859375,1621.300048828125,10793.400390625
1998-02-12,509.3299865722656,442.27178955078125,512.489990234375,697.4299926757812,2165.89306640625,1600.300048828125,10620.0
1998-02-13,499.9700012207031,448.1405334472656,506.20001220703125,685.5,2094.44140625,1552.699951171875,10274.599609375
1998-02-16,484.05999755859375,457.690185546875,476.9800109863281,661.9400024414062,2022.2099609375,1481.5999755859375,10124.0
1998-02-17,502.5299987792969,472.1906433105469,471.7300109863281,690.8300170898438,2055.001708984375,1496.9000244140625,10232.0
1998-02-18,513.27001953125,472.6606140136719,487.7300109863281,704.9000244140625,2097.060791015625,1539.0,10671.0
1998-02-19,510.4100036621094,496.23272705078125,513.4500122070312,723.5,2135.7509765625,1553.5,10581.2998046875
1998-02-20,521.8300170898438,495.21270751953125,522.1300048828125,728.0599975585938,2135.36083984375,1545.800048828125,10600.0
1998-02-23,521.8200073242188,505.0153503417969,543.0599975585938,720.4600219726562,2115.4560546875,1551.9000244140625,10685.2001953125
1998-02-24,517.0599975585938,494.8707275390625,540.8900146484375,729.8400268554688,2100.239990234375,1561.800048828125,10683.2998046875
1998-02-25,512.97998046875,483.3922119140625,516.3800048828125,712.8099975585938,2153.146240234375,1583.199951171875,10886.7001953125
1998-02-26,524.0599975585938,483.7881774902344,524.97998046875,727.7000122070312,2182.18896484375,1595.0,11224.7998046875
1998-02-27,528.4199829101562,482.3592224121094,548.4199829101562,745.3599853515625,2265.717529296875,1615.4000244140625,11480.7001953125
1998-03-02,538.1699829101562,496.7096862792969,574.3499755859375,745.1199951171875,2279.973876953125,1610.5999755859375,11318.7998046875
1998-03-03,539.719970703125,518.665771484375,570.8900146484375,733.030029296875,2258.279296875,1592.9000244140625,11425.5
1998-03-04,528.239990234375,502.8914489746094,572.760009765625,705.9400024414062,2218.739501953125,1571.5,11350.7998046875
1998-03-05,509.2300109863281,516.4689331054688,535.6799926757812,696.7899780273438,2206.97265625,1579.699951171875,10803.7001953125
1998-03-06,508.07000732421875,512.2110595703125,522.5499877929688,690.3599853515625,2181.39892578125,1571.199951171875,10919.5
1998-03-09,509.9800109863281,495.7947082519531,507.7099914550781,685.8800048828125,2174.8505859375,1538.699951171875,10994.099609375
1998-03-10,508.54998779296875,490.4569396972656,525.5599975585938,710.469970703125,2134.361083984375,1546.0999755859375,10898.599609375
1998-03-11,502.7900085449219,491.8538513183594,531.0499877929688,709.9099731445312,2187.857421875,1577.800048828125,11118.900390625
1998-03-12,498.6700134277344,498.1656188964844,535.8400268554688,698.22998046875,2175.9404296875,1580.800048828125,10902.5
1998-03-13,514.239990234375,506.7132873535156,536.1599731445312,708.1599731445312,2172.7314453125,1598.5999755859375,11057.0
1998-03-16,512.5399780273438,510.7661437988281,528.8800048828125,703.6099853515625,2193.55615234375,1604.800048828125,11181.5
1998-03-17,510.4599914550781,512.1200561523438,515.510009765625,700.2100219726562,2239.25439453125,1621.300048828125,11255.5
1998-03-18,500.4599914550781,503.9843444824219,518.0800170898438,706.5499877929688,2283.392822265625,1645.300048828125,11121.7001953125
1998-03-19,503.54998779296875,504.1273498535156,521.72998046875,731.0399780273438,2287.801513671875,1698.800048828125,11445.0
1998-03-20,499.75,516.7109375,525.9500122070312,731.239990234375,2273.55517578125,1679.0999755859375,11564.2001953125
1998-03-23,503.6700134277344,516.2979125976562,511.8999938964844,735.7899780273438,2309.46630859375,1660.4000244140625,11594.2998046875
1998-03-24,490.2699890136719,501.6404724121094,508.42999267578125,731.8900146484375,2304.467529296875,1640.5,11645.400390625
1998-03-25,480.07000732421875,504.0753479003906,510.1400146484375,736.780029296875,2310.82568359375,1667.199951171875,11810.599609375
1998-03-26,470.6700134277344,532.791259765625,501.1300048828125,733.3099975585938,2309.776123046875,1651.5999755859375,11757.900390625
1998-03-27,469.8500061035156,542.0769653320312,503.0799865722656,727.6199951171875,2301.068115234375,1653.9000244140625,11735.5
1998-03-30,465.0899963378906,541.4039306640625,482.3299865722656,722.9600219726562,2273.215576171875,1648.5999755859375,11503.7998046875
1998-03-31,459.1099853515625,,481.0400085449219,719.52001953125,2237.844482421875,1629.199951171875,11518.7001953125
1998-04-01,456.57000732421875,523.9276123046875,468.2200012207031,700.0499877929688,2208.80224609375,1600.0999755859375,11331.400390625
1998-04-02,453.8800048828125,516.3829345703125,453.6600036621094,684.27001953125,2173.441162109375,1568.5999755859375,11189.7001953125
1998-04-03,442.9599914550781,533.2791748046875,434.45001220703125,666.47998046875,2172.9912109375,1551.5,11052.7001953125
1998-04-06,,526.1204833984375,435.9200134277344,663.77001953125,2159.924560546875,1549.9000244140625,
1998-04-07,430.0400085449219,,459.5799865722656,,2182.788818359375,,11049.400390625
1998-04-08,444.3299865722656,530.015380859375,455.5299987792969,664.280029296875,2192.906005859375,1573.0999755859375,11314.5
1998-04-09,444.2300109863281,527.5645141601562,468.1099853515625,675.9299926757812,2192.906005859375,1594.0999755859375,11342.0
1998-04-10,446.1300048828125,,468.2900085449219,673.1400146484375,2192.906005859375,,
1998-04-13,,524.0436401367188,494.8900146484375,666.9299926757812,2209.8916015625,1586.9000244140625,
1998-04-14,,516.0809326171875,467.6300048828125,664.8400268554688,2221.46875,1561.5999755859375,11420.2998046875
1998-04-15,,513.425048828125,467.8699951171875,644.6199951171875,2210.001708984375,1543.9000244140625,11371.099609375
1998-04-16,431.6300048828125,510.04815673828125,454.1499938964844,629.3400268554688,2183.988525390625,1515.199951171875,11187.7998046875
1998-04-17,438.989990234375,507.8822326660156,450.2300109863281,628.780029296875,2175.540771484375,1515.199951171875,11001.2998046875
1998-04-20,434.3699951171875,508.13623046875,435.7300109863281,634.2899780273438,2156.045654296875,1510.4000244140625,11151.599609375
1998-04-21,435.2300109863281,497.6876220703125,439.2099914550781,623.97998046875,2150.927001953125,1492.300048828125,10968.2998046875
1998-04-22,436.7300109863281,500.6214904785156,431.80999755859375,619.6699829101562,2153.726318359375,1475.5,10977.5
1998-04-23,427.4100036621094,491.83685302734375,416.5400085449219,628.239990234375,2163.773681640625,1495.9000244140625,10918.900390625
1998-04-24,424.7900085449219,490.4619140625,414.55999755859375,635.1099853515625,2153.356201171875,1491.300048828125,10879.900390625
1998-04-27,418.7900085449219,485.6220703125,406.25,620.7899780273438,2121.644287109375,1471.5,10593.7001953125
1998-04-28,419.54998779296875,,402.3900146484375,620.7899780273438,2126.143310546875,1481.77001953125,10678.6103515625
1998-04-29,412.25,465.2289123535156,417.04998779296875,622.8300170898438,2133.44140625,1502.1099853515625,10471.150390625
1998-04-30,412.1300048828125,460.1170959472656,421.2200012207031,625.969970703125,2180.75927734375,1493.4000244140625,10383.6796875
1998-05-01,,448.5075378417969,,,2180.75927734375,,10563.6796875
1998-05-04,400.7099914550781,445.97662353515625,391.79998779296875,627.4299926757812,2207.552490234375,1476.4000244140625,10439.419921875
1998-05-05,,435.14306640625,,608.4000244140625,2266.59716796875,1469.27001953125,10153.66015625
1998-05-06,393.3599853515625,414.60882568359375,376.2300109863281,584.6199951171875,2210.5615234375,1448.4000244140625,10109.1396484375
1998-05-07,393.95001220703125,436.7610168457031,379.4700012207031,586.8300170898438,2189.406982421875,1428.5,9971.9296875
1998-05-08,386.4200134277344,434.6380615234375,373.0400085449219,580.0499877929688,2209.391845703125,1420.75,10060.3798828125
1998-05-11,,,361.5799865722656,,2209.391845703125,,10096.3701171875
1998-05-12,381.6499938964844,430.50927734375,351.8599853515625,569.1699829101562,2213.95068359375,1400.050048828125,9841.509765625
1998-05-13,370.9200134277344,402.0413513183594,356.5799865722656,548.3300170898438,2163.11376953125,1331.97998046875,9469.2900390625
1998-05-14,368.82000732421875,403.68328857421875,362.94000244140625,560.5,2129.452392578125,1301.780029296875,9591.9501953125
1998-05-15,369.42999267578125,405.92120361328125,352.8299865722656,566.8499755859375,2128.052978515625,1322.030029296875,9538.3896484375
1998-05-18,357.2099914550781,388.90283203125,359.0,549.989990234375,2124.863525390625,1291.739990234375,9411.9697265625
1998-05-19,346.4599914550781,413.80792236328125,362.5299987792969,554.4199829101562,2068.3779296875,1278.6199951171875,9449.1103515625
1998-05-20,355.510009765625,423.989501953125,369.1700134277344,569.1900024414062,2099.75,1273.780029296875,9549.1796875
1998-05-21,355.9100036621094,,362.29998779296875,593.6199951171875,2148.057861328125,1319.6500244140625,9670.4501953125
1998-05-22,355.82000732421875,445.12567138671875,353.6700134277344,577.22998046875,2138.699951171875,1313.6700439453125,9555.98046875
1998-05-25,358.8999938964844,439.53790283203125,331.8999938964844,570.5499877929688,2123.933837890625,1314.6400146484375,9544.5302734375
1998-05-26,354.5400085449219,434.0421142578125,311.989990234375,561.280029296875,2108.7578125,1312.7900390625,9482.2099609375
1998-05-27,340.1199951171875,416.9507751464844,313.4800109863281,552.280029296875,2059.6103515625,1295.530029296875,8983.4296875
1998-05-28,333.8999938964844,414.2038879394531,323.0899963378906,544.739990234375,2013.712158203125,1261.6199951171875,8877.9404296875
1998-05-29,325.5899963378906,420.4486389160156,336.6300048828125,538.239990234375,2010.932861328125,1254.9300537109375,8934.5595703125
1998-06-01,313.0400085449219,414.06292724609375,336.70001220703125,518.0,1995.536865234375,1234.5899658203125,8612.009765625
1998-06-02,313.6400146484375,399.58343505859375,324.1000061035156,520.6099853515625,1945.5797119140625,1207.1199951171875,8598.169921875
1998-06-03,313.2099914550781,392.59271240234375,332.4599914550781,526.3599853515625,1928.494140625,1219.800048828125,8819.2197265625
1998-06-04,318.80999755859375,406.315185546875,,518.6099853515625,1953.377685546875,1187.739990234375,8558.4296875
1998-06-05,318.1600036621094,409.50006103515625,341.5299987792969,505.04998779296875,1957.2567138671875,1168.4599609375,8569.4697265625
1998-06-08,312.3699951171875,409.403076171875,345.8800048828125,497.7900085449219,1930.0936279296875,1128.5699462890625,8586.6298828125
1998-06-09,308.25,411.0559997558594,339.2200012207031,505.6400146484375,1923.9952392578125,1117.2099609375,8391.4599609375
1998-06-10,292.1000061035156,408.0640869140625,324.5400085449219,489.8599853515625,1917.376953125,1067.81005859375,7979.3701171875
1998-06-11,283.9200134277344,411.5279846191406,328.70001220703125,483.0,1828.5498046875,1086.8299560546875,7886.06982421875
1998-06-12,279.3699951171875,408.3561096191406,302.0899963378906,472.3699951171875,1828.5498046875,1091.489990234375,7915.43994140625
1998-06-15,263.3900146484375,406.4851989746094,288.2099914550781,452.239990234375,1746.410888671875,1052.8399658203125,7462.5
1998-06-16,257.44000244140625,399.4964599609375,280.0,435.8399963378906,1726.106201171875,1048.9599609375,7526.4501953125
1998-06-17,272.94000244140625,419.4256591796875,303.80999755859375,450.8800048828125,1715.7388916015625,1107.699951171875,8004.35009765625
1998-06-18,295.1199951171875,440.07586669921875,325.489990234375,471.82000732421875,1828.119873046875,1133.4100341796875,8515.9697265625
1998-06-19,284.32000732421875,425.4364318847656,313.260009765625,467.6099853515625,1741.26220703125,1122.9300537109375,8591.91015625
1998-06-22,275.8999938964844,420.64263916015625,311.2699890136719,457.6099853515625,1689.255615234375,1098.449951171875,8204.2099609375
1998-06-23,274.05999755859375,423.06854248046875,303.30999755859375,457.25,1695.424072265625,1082.25,8219.669921875
1998-06-24,267.739990234375,430.9432373046875,301.7200012207031,455.3699951171875,1712.439697265625,1074.8499755859375,8296.76953125
1998-06-25,264.0899963378906,428.79327392578125,300.57000732421875,448.4200134277344,1708.5906982421875,1069.8299560546875,8665.830078125
1998-06-26,264.9800109863281,430.8532409667969,298.5400085449219,445.6700134277344,1722.927001953125,1085.5899658203125,8607.8603515625
1998-06-29,271.20001220703125,431.21417236328125,298.6000061035156,450.7699890136719,1759.677490234375,1085.1500244140625,8460.7099609375
1998-06-30,267.3299865722656,445.90264892578125,297.8800048828125,455.6400146484375,1759.677490234375,1066.6600341796875,8543.099609375
1998-07-01,,456.5232238769531,315.55999755859375,471.2300109863281,1781.5018310546875,1095.0999755859375,
1998-07-02,277.9800109863281,466.3548278808594,311.7699890136719,478.20001220703125,1855.7127685546875,1124.8699951171875,8866.16015625
1998-07-03,273.739990234375,470.5267333984375,308.5299987792969,473.7799987792969,1858.7620849609375,1122.6700439453125,8639.3095703125
1998-07-06,271.0,,309.6099853515625,,1853.913330078125,1127.510009765625,8484.1201171875
1998-07-07,272.2799987792969,483.9261474609375,317.5,467.54998779296875,1859.8416748046875,1115.1800537109375,8444.1796875
1998-07-08,273.42999267578125,472.96160888671875,318.7900085449219,455.2799987792969,1857.0224609375,1107.780029296875,8629.1796875
1998-07-09,,470.302734375,319.0199890136719,447.8900146484375,1827.929931640625,1103.6500244140625,8433.7802734375
1998-07-10,274.260009765625,463.5629577636719,309.2799987792969,428.6199951171875,1801.7467041015625,1090.3499755859375,8205.76953125
1998-07-13,266.75,459.6551208496094,301.3699951171875,421.30999755859375,1775.3934326171875,1053.18994140625,8099.2001953125
1998-07-14,265.7099914550781,463.8559265136719,306.7300109863281,420.3299865722656,1784.4111328125,1042.43994140625,8178.93017578125
1998-07-15,273.75,467.32080078125,313.4200134277344,433.5400085449219,1793.598876953125,1056.010009765625,8456.2197265625
1998-07-16,282.010009765625,473.7535705566406,330.3500061035156,429.989990234375,1796.5380859375,1073.969970703125,8586.5703125
1998-07-17,295.2799987792969,486.215087890625,,445.30999755859375,1786.800537109375,1095.0999755859375,8628.9296875
1998-07-20,297.739990234375,488.6659851074219,365.17999267578125,445.2799987792969,1734.0040283203125,1102.3199462890625,8493.25
1998-07-21,287.3399963378906,488.2200012207031,364.760009765625,437.82000732421875,1742.2020263671875,1062.52001953125,8564.5498046875
1998-07-22,286.5199890136719,483.03619384765625,362.07000732421875,421.9100036621094,1711.3099365234375,1052.6600341796875,8420.7197265625
1998-07-23,276.20001220703125,473.78656005859375,341.4599914550781,415.3999938964844,1677.7286376953125,1062.260009765625,8176.25
1998-07-24,275.44000244140625,479.5443420410156,343.7900085449219,418.3999938964844,1680.4478759765625,1070.3599853515625,8257.4599609375
1998-07-27,269.92999267578125,482.9621887207031,329.79998779296875,408.0400085449219,1660.762939453125,1067.81005859375,7984.43017578125
1998-07-28,266.7200012207031,483.51220703125,335.3299865722656,403.9800109863281,1627.911376953125,1060.1400146484375,7926.10009765625
1998-07-29,263.489990234375,485.0771179199219,344.4100036621094,385.9700012207031,1604.8572998046875,1053.97998046875,7808.830078125
1998-07-30,266.739990234375,482.669189453125,344.9100036621094,389.5299987792969,1613.085205078125,1059.530029296875,7906.16015625
1998-07-31,266.7200012207031,481.6982727050781,343.3299865722656,402.6499938964844,1607.1966552734375,1064.199951171875,7936.2001953125
1998-08-03,260.8900146484375,475.239501953125,329.4700012207031,386.2699890136719,1542.6732177734375,1074.760009765625,7552.77001953125
1998-08-04,258.0400085449219,461.3320617675781,333.20001220703125,386.44000244140625,1511.0513916015625,1064.989990234375,7580.7998046875
1998-08-05,254.07000732421875,441.76678466796875,322.8299865722656,380.2900085449219,1524.3580322265625,1052.1300048828125,7466.43017578125
1998-08-06,252.07000732421875,433.8161315917969,320.57000732421875,374.7799987792969,1480.50927734375,1065.780029296875,7254.35986328125
1998-08-07,247.5399932861328,423.5965270996094,321.7099914550781,364.04998779296875,1448.3475341796875,1039.27001953125,7018.41015625
1998-08-10,238.3000030517578,421.150634765625,311.95001220703125,353.2799987792969,1427.29296875,,7034.6201171875
1998-08-11,234.13999938964844,407.04815673828125,311.25,334.70001220703125,1372.8369140625,1007.9299926757812,6779.9501953125
1998-08-12,234.13999938964844,408.6191101074219,305.3500061035156,342.19000244140625,1306.9639892578125,995.77001953125,6859.47998046875
1998-08-13,230.8699951171875,402.9253234863281,303.010009765625,326.7300109863281,1302.9549560546875,965.739990234375,6660.419921875
1998-08-14,243.6199951171875,414.61383056640625,304.6099853515625,327.9800109863281,1337.5760498046875,974.1099853515625,7224.68994140625
1998-08-17,235.24000549316406,,301.6199951171875,316.239990234375,1335.3665771484375,945.489990234375,7224.68994140625
1998-08-18,235.67999267578125,403.83929443359375,291.1499938964844,315.6600036621094,1322.829833984375,927.6199951171875,7210.919921875
1998-08-19,243.3699951171875,405.87420654296875,301.8999938964844,343.4700012207031,1364.2391357421875,923.0399780273438,7622.580078125
1998-08-20,243.0,399.314453125,316.5899963378906,351.0400085449219,1390.572509765625,922.8599853515625,7742.52978515625
1998-08-21,238.9199981689453,388.32989501953125,316.6199951171875,324.05999755859375,1372.2470703125,933.1599731445312,7527.60986328125
1998-08-24,233.14999389648438,370.53057861328125,305.1499938964844,317.20001220703125,1322.7698974609375,917.3099975585938,7845.47998046875
1998-08-25,230.22000122070312,367.12872314453125,310.2300109863281,324.1700134277344,1309.8531494140625,911.3200073242188,7890.08984375
1998-08-26,227.5,360.9129638671875,317.55999755859375,324.489990234375,1286.689208984375,925.8499755859375,7834.39990234375
1998-08-27,226.85000610351562,354.93121337890625,313.9200134277344,313.510009765625,1266.664306640625,910.8800048828125,7922.97021484375
1998-08-28,218.85000610351562,339.0078125,309.32000732421875,302.9100036621094,1194.40283203125,885.260009765625,7829.740234375
1998-08-31,214.52999877929688,342.42266845703125,310.1600036621094,,1191.9434814453125,856.4299926757812,7275.0400390625
1998-09-01,211.08999633789062,325.84130859375,309.7099914550781,262.70001220703125,1191.45361328125,813.9500122070312,7062.47021484375
1998-09-02,207.58999633789062,329.6121826171875,314.3999938964844,294.5899963378906,1197.462158203125,827.8499755859375,7355.669921875
1998-09-03,207.39999389648438,334.77496337890625,314.7799987792969,313.07000732421875,1192.643310546875,812.7000122070312,7318.58984375
1998-09-04,207.30999755859375,325.5433044433594,314.2200012207031,363.44000244140625,1159.0819091796875,805.0399780273438,7488.47021484375
1998-09-07,220.55999755859375,335.7969055175781,328.2200012207031,445.05999755859375,1186.6248779296875,862.0999755859375,8076.759765625
1998-09-08,212.85000610351562,330.4001159667969,326.3399963378906,349.55999755859375,1191.7735595703125,868.6799926757812,8189.25
1998-09-09,213.97999572753906,325.7492980957031,329.2200012207031,389.6499938964844,1157.132568359375,885.4600219726562,7905.4501953125
1998-09-10,218.91000366210938,327.2582702636719,338.95001220703125,380.20001220703125,1099.88720703125,865.0,7849.9599609375
1998-09-11,212.6999969482422,324.02740478515625,320.6099853515625,368.5299987792969,1081.90185546875,853.1900024414062,7578.47998046875
1998-09-14,211.33999633789062,320.58251953125,314.239990234375,393.239990234375,1100.47705078125,877.8300170898438,7661.85986328125
1998-09-15,211.0800018310547,292.14166259765625,307.2699890136719,389.0799865722656,1140.1068115234375,902.280029296875,7733.47021484375
1998-09-16,218.6999969482422,290.9046630859375,313.1700134277344,394.0400085449219,1176.237548828125,946.75,7860.68017578125
1998-09-17,220.0500030517578,285.4638977050781,310.8800048828125,386.54998779296875,1268.9136962890625,941.4199829101562,7576.56982421875
1998-09-18,221.85000610351562,271.660400390625,302.2099914550781,393.29998779296875,1174.3079833984375,912.739990234375,7445.9599609375
1998-09-21,221.8800048828125,256.82403564453125,297.45001220703125,378.32000732421875,1163.960693359375,882.5900268554688,7170.22998046875
1998-09-22,223.13999938964844,260.8658447265625,292.6099853515625,385.45001220703125,1123.01123046875,896.3200073242188,7373.509765625
1998-09-23,231.27999877929688,262.23980712890625,291.92999267578125,376.260009765625,1159.391845703125,900.989990234375,7504.39013671875
1998-09-24,250.17999267578125,282.1490478515625,310.75,387.4599914550781,1219.936279296875,931.97998046875,7834.60986328125
1998-09-25,248.92999267578125,275.2132873535156,303.7900085449219,387.2699890136719,1215.1474609375,923.9199829101562,7701.60986328125
1998-09-28,255.52999877929688,274.9903259277344,305.7300109863281,,1230.1837158203125,930.530029296875,7946.0400390625
1998-09-29,255.35000610351562,275.9972229003906,312.3299865722656,377.5199890136719,1237.8516845703125,938.510009765625,7837.60986328125
1998-09-30,253.82000732421875,276.13922119140625,310.32000732421875,373.5199890136719,1259.316162109375,939.6500244140625,7883.4599609375
1998-10-01,254.47000122070312,273.8573303222656,305.6400146484375,367.6400146484375,1227.00439453125,916.02001953125,
1998-10-02,251.55999755859375,263.21875,308.25,363.05999755859375,1195.3126220703125,899.989990234375,
1998-10-05,246.25999450683594,261.3038330078125,,360.1000061035156,1166.2401123046875,883.8599853515625,7564.5400390625
1998-10-06,248.13999938964844,258.095947265625,,374.45001220703125,1169.8592529296875,891.47998046875,
1998-10-07,263.2300109863281,266.1596374511719,313.489990234375,370.8999938964844,1212.438232421875,921.5700073242188,7744.72021484375
1998-10-08,285.2200012207031,288.53875732421875,305.2200012207031,372.989990234375,1250.088623046875,950.9600219726562,7939.509765625
1998-10-09,292.5,304.828125,327.9599914550781,372.2200012207031,1301.025390625,976.6500244140625,8506.7900390625
1998-10-12,290.79998779296875,307.405029296875,352.1700134277344,389.5,1342.9246826171875,1016.5999755859375,8990.26953125
1998-10-13,290.19000244140625,313.9737548828125,346.0799865722656,385.0400085449219,1367.41845703125,1015.6400146484375,9008.830078125
1998-10-14,285.1199951171875,303.1781921386719,346.1300048828125,384.2200012207031,1323.8795166015625,985.780029296875,8840.009765625
1998-10-15,295.19000244140625,304.8351135253906,368.739990234375,393.25,1342.434814453125,1024.75,8970.419921875
1998-10-16,319.2200012207031,337.5738525390625,374.010009765625,396.260009765625,1436.990478515625,1119.5999755859375,9777.009765625
1998-10-19,314.1700134277344,336.4049072265625,373.9700012207031,,1488.967041015625,,9599.0498046875
1998-10-20,331.3599853515625,336.5628967285156,388.3500061035156,422.9700012207031,1467.3126220703125,1108.75,9642.75
1998-10-21,323.04998779296875,322.3084716796875,380.79998779296875,424.3699951171875,1494.2357177734375,1140.9100341796875,9662.1201171875
1998-10-22,321.57000732421875,316.7826843261719,382.5199890136719,421.55999755859375,1494.2357177734375,1117.5,9658.580078125
1998-10-23,,313.40283203125,378.8299865722656,419.7200012207031,1523.5882568359375,1113.5899658203125,9817.75
1998-10-26,319.0199890136719,315.29876708984375,373.32000732421875,419.1099853515625,1585.9921875,1113.5,9778.91015625
1998-10-27,319.2300109863281,318.0886535644531,360.42999267578125,415.9599914550781,1592.090576171875,1153.5999755859375,9927.0498046875
1998-10-28,330.45001220703125,312.27783203125,363.9100036621094,410.489990234375,1601.818115234375,1180.219970703125,
1998-10-29,345.07000732421875,309.3999328613281,370.29998779296875,406.3500061035156,1668.5308837890625,1185.6500244140625,9931.4599609375
1998-10-30,331.2900085449219,300.75830078125,384.75,405.3299865722656,1754.5888671875,1204.6199951171875,10154.9404296875
1998-11-02,334.92999267578125,307.18603515625,404.6099853515625,419.7799987792969,1754.5888671875,1263.1400146484375,10170.080078125
1998-11-03,343.1600036621094,317.169677734375,407.6400146484375,421.9100036621094,1801.1768798828125,1263.469970703125,10358.51953125
1998-11-04,354.1099853515625,330.4461364746094,413.4700012207031,431.70001220703125,1713.6492919921875,1301.050048828125,10508.25
1998-11-05,362.0799865722656,355.5141906738281,418.20001220703125,438.6600036621094,1761.1470947265625,1299.52001953125,10221.98046875
1998-11-06,376.6000061035156,353.9642028808594,416.29998779296875,453.2900085449219,1796.907958984375,1283.760009765625,10139.75
1998-11-09,363.8500061035156,364.37884521484375,424.45001220703125,465.69000244140625,1712.06982421875,1219.280029296875,9851.9296875
1998-11-10,336.8500061035156,357.29010009765625,403.239990234375,467.5400085449219,1636.6790771484375,1172.06005859375,9721.330078125
1998-11-11,356.260009765625,362.9928283691406,400.70001220703125,476.1199951171875,1707.7908935546875,1236.8199462890625,10137.3203125
1998-11-12,333.05999755859375,357.96209716796875,403.5199890136719,460.7699890136719,1733.7042236328125,1197.18994140625,9948.1796875
1998-11-13,333.5899963378906,355.52618408203125,404.29998779296875,465.0799865722656,1711.5399169921875,1206.9100341796875,9997.990234375
1998-11-16,345.19000244140625,356.2121276855469,422.2099914550781,462.0199890136719,1745.1512451171875,1241.739990234375,10298.08984375
1998-11-17,344.0799865722656,,424.42999267578125,464.1199951171875,1778.7725830078125,1235.760009765625,10148.6904296875
1998-11-18,345.1300048828125,369.9795837402344,423.739990234375,458.3399963378906,1820.302001953125,1271.699951171875,10213.419921875
1998-11-19,358.55999755859375,379.104248046875,441.05999755859375,458.5799865722656,1818.5423583984375,1316.550048828125,10313.2998046875
1998-11-20,371.92999267578125,403.63629150390625,452.92999267578125,461.55999755859375,1841.2164306640625,1347.9000244140625,10233.3603515625
1998-11-23,390.42999267578125,424.970458984375,453.95001220703125,477.1700134277344,1921.765869140625,1376.93994140625,10514.5302734375
1998-11-24,383.6600036621094,420.0636291503906,460.7799987792969,489.6600036621094,1960.745849609375,1412.9000244140625,10851.7099609375
1998-11-25,391.010009765625,387.367919921875,461.010009765625,502.1499938964844,1958.0364990234375,1390.510009765625,10720.990234375
1998-11-26,382.20001220703125,394.66265869140625,446.5899963378906,498.69000244140625,1920.436279296875,1390.699951171875,10778.919921875
1998-11-27,373.0899963378906,392.3047180175781,447.0,498.0799865722656,1974.8521728515625,1394.760009765625,10742.1103515625
1998-11-30,362.82000732421875,386.2559814453125,451.8800048828125,501.4700012207031,1974.8521728515625,1416.550048828125,10402.3203125
1998-12-01,356.1600036621094,387.71990966796875,445.9599914550781,518.75,1921.2960205078125,1368.699951171875,9975.849609375
1998-12-02,343.1199951171875,396.94854736328125,446.3500061035156,526.75,1885.51513671875,1383.5899658203125,10055.7802734375
1998-12-03,337.8599853515625,393.7796936035156,448.1099853515625,521.760009765625,1806.5654296875,1343.4300537109375,10046.150390625
1998-12-04,337.6300048828125,390.37982177734375,466.3399963378906,527.260009765625,1822.1715087890625,1357.1300048828125,9963.1396484375
1998-12-07,,399.4444580078125,514.52001953125,514.780029296875,1833.888427734375,1376.8199462890625,10428.8203125
1998-12-08,350.2699890136719,398.8854675292969,509.8500061035156,510.8500061035156,1815.3831787109375,1393.6099853515625,10351.080078125
1998-12-09,359.5400085449219,398.7674560546875,526.52001953125,522.1799926757812,1768.8851318359375,1424.5899658203125,10361.2900390625
1998-12-10,,403.65228271484375,567.6099853515625,525.5800170898438,1821.761474609375,1439.8800048828125,10315.4404296875
1998-12-11,360.29998779296875,405.5791931152344,555.1699829101562,533.8800048828125,1835.1380615234375,1411.27001953125,9952.0
1998-12-14,344.8900146484375,404.687255859375,559.2999877929688,541.010009765625,1800.337158203125,1379.5,9825.2099609375
1998-12-15,349.17999267578125,400.7494201660156,579.8599853515625,543.7899780273438,1796.26806640625,1368.2900390625,9952.83984375
1998-12-16,344.5299987792969,412.67791748046875,545.969970703125,542.989990234375,1868.7593994140625,1359.0999755859375,9939.3896484375
1998-12-17,338.6499938964844,405.5682067871094,528.8900146484375,542.780029296875,1877.817138671875,1366.18994140625,10083.3095703125
1998-12-18,341.9200134277344,403.9462890625,524.8499755859375,550.4099731445312,1885.875,1405.9599609375,10226.23046875
1998-12-21,337.1700134277344,404.4872741699219,565.27001953125,550.8400268554688,1872.66845703125,1397.72998046875,10396.009765625
1998-12-22,343.3399963378906,406.4491882324219,547.75,537.219970703125,1893.1732177734375,1412.4000244140625,10322.5595703125
1998-12-23,344.2699890136719,400.50341796875,553.530029296875,551.1099853515625,1909.9688720703125,1384.530029296875,10158.75
1998-12-24,346.92999267578125,401.83935546875,555.3599853515625,552.3200073242188,1931.6533203125,1392.75,10292.2001953125
1998-12-25,356.1600036621094,,,,,,
1998-12-28,360.2900085449219,400.1604309082031,562.4600219726562,556.1400146484375,1932.4429931640625,1381.27001953125,10170.1396484375
1998-12-29,351.80999755859375,396.7175598144531,,566.22998046875,1968.27392578125,1378.449951171875,10225.9697265625
1998-12-30,355.80999755859375,398.02252197265625,,574.5599975585938,,1394.699951171875,10121.4404296875
1998-12-31,,,,586.1300048828125,,1392.72998046875,10048.580078125
1999-01-04,356.67999267578125,393.99267578125,587.5700073242188,561.6500244140625,1980.1907958984375,1400.1099853515625,9809.169921875
1999-01-05,378.510009765625,408.68707275390625,576.780029296875,567.8900146484375,2006.3341064453125,1386.239990234375,9891.0595703125
1999-01-06,402.55999755859375,427.0633544921875,612.3599853515625,586.47998046875,2079.21533203125,1464.969970703125,10233.7998046875
1999-01-07,397.7200012207031,457.92218017578125,637.5900268554688,585.8900146484375,2134.361083984375,1517.8800048828125,10693.5703125
1999-01-08,399.42999267578125,439.4768981933594,626.3300170898438,591.7000122070312,2140.089599609375,1545.1800537109375,10722.7001953125
1999-01-11,399.20001220703125,437.27899169921875,640.9500122070312,598.4600219726562,2139.08984375,1543.0799560546875,10634.26953125
1999-01-12,399.80999755859375,436.1730041503906,631.1900024414062,593.3300170898438,2147.90771484375,1536.97998046875,10711.5595703125
1999-01-13,385.5799865722656,419.08770751953125,633.030029296875,594.0399780273438,2166.8427734375,1506.06005859375,10273.76953125
1999-01-14,386.9599914550781,408.5380859375,604.4199829101562,593.3400268554688,2062.74951171875,1476.3900146484375,10183.1298828125
1999-01-15,381.82000732421875,402.3863525390625,614.5700073242188,598.969970703125,2041.0252685546875,1499.81005859375,10147.400390625
1999-01-18,387.6099853515625,,622.52001953125,,2130.35205078125,1547.0999755859375,10402.5400390625
1999-01-19,386.45001220703125,,618.1199951171875,598.969970703125,2103.29931640625,,10290.1103515625
1999-01-20,394.8500061035156,,613.4299926757812,,2145.838134765625,1548.27001953125,10314.91015625
1999-01-21,385.75,,582.0399780273438,614.52001953125,2142.249267578125,1504.06005859375,10048.5703125
1999-01-22,376.4800109863281,,550.5800170898438,618.5399780273438,2061.809814453125,1478.75,9738.51953125
1999-01-25,363.3599853515625,382.4631042480469,539.760009765625,610.1900024414062,1950.938232421875,1398.02001953125,9499.5
1999-01-26,366.7699890136719,398.136474609375,531.22998046875,610.8800048828125,1981.7503662109375,1417.1400146484375,9509.830078125
1999-01-27,373.25,410.2340393066406,565.2000122070312,605.1799926757812,1993.4874267578125,1457.43994140625,9719.66015625
1999-01-28,366.1600036621094,407.2551574707031,571.469970703125,595.4500122070312,1998.2962646484375,1426.02001953125,9360.9599609375
1999-01-29,363.0,411.9159851074219,571.4299926757812,591.4299926757812,1953.647705078125,1428.1400146484375,9506.900390625
1999-02-01,358.8399963378906,409.0960693359375,581.6699829101562,,1969.4835205078125,1406.8699951171875,9599.5498046875
1999-02-02,347.2099914550781,405.148193359375,567.280029296875,579.5499877929688,1974.7822265625,1386.5899658203125,9502.7197265625
1999-02-03,338.20001220703125,410.5400085449219,553.3300170898438,568.8400268554688,2006.864013671875,1366.7900390625,9419.849609375
1999-02-04,338.2699890136719,409.0060729980469,550.1500244140625,577.3200073242188,1985.7894287109375,1378.9000244140625,9438.650390625
1999-02-05,337.9599914550781,405.5372009277344,551.3900146484375,558.7999877929688,1977.33154296875,1360.1800537109375,9190.2001953125
1999-02-08,330.7699890136719,399.6744384765625,545.3800048828125,526.0999755859375,1964.9847412109375,1336.8800048828125,9139.599609375
1999-02-09,320.3599853515625,402.810302734375,523.3800048828125,548.1400146484375,1934.5225830078125,1306.3699951171875,9244.490234375
1999-02-10,314.739990234375,398.66546630859375,524.489990234375,546.1500244140625,1896.7022705078125,1286.56005859375,9076.330078125
1999-02-11,313.6499938964844,402.6323547363281,523.989990234375,562.9500122070312,1894.1029052734375,1357.1700439453125,9146.7998046875
1999-02-12,347.42999267578125,400.5364074707031,551.77001953125,570.7899780273438,1919.2864990234375,1354.8499755859375,9425.419921875
1999-02-15,344.9599914550781,396.9085693359375,,,1909.8089599609375,1361.1500244140625,9402.3896484375
1999-02-16,350.3599853515625,398.83245849609375,,,1918.376708984375,,
1999-02-17,338.0199890136719,397.95953369140625,,,1918.0767822265625,,
1999-02-18,336.4700012207031,403.3982849121094,536.4099731445312,566.2899780273438,1926.9544677734375,1335.010009765625,
1999-02-19,336.57000732421875,404.0022888183594,522.1799926757812,565.2899780273438,1926.134765625,1374.31005859375,9254.1201171875
1999-02-22,334.5199890136719,398.65447998046875,508.489990234375,562.6099853515625,1939.1912841796875,1400.1800537109375,9229.33984375
1999-02-23,333.7099914550781,397.9195251464844,502.8800048828125,562.7899780273438,1958.1964111328125,1400.4300537109375,9433.990234375
1999-02-24,336.1700134277344,401.9823303222656,498.4200134277344,553.1300048828125,1933.61279296875,1410.97998046875,9677.5703125
1999-02-25,332.6700134277344,397.78753662109375,499.1400146484375,549.239990234375,1945.4097900390625,1410.219970703125,9658.0703125
1999-02-26,340.94000244140625,396.07354736328125,520.0599975585938,542.22998046875,1964.544921875,1411.9100341796875,9858.490234375
1999-03-01,,396.3095703125,,531.5399780273438,1963.7650146484375,1422.8499755859375,10020.4599609375
1999-03-02,338.82000732421875,394.95062255859375,533.969970703125,526.030029296875,1969.8734130859375,1418.6099853515625,9913.580078125
1999-03-03,341.510009765625,395.7915954589844,534.489990234375,513.22998046875,2008.403564453125,1415.81005859375,9922.400390625
1999-03-04,337.1400146484375,394.1386413574219,532.2899780273438,516.5900268554688,1997.16650390625,1433.4100341796875,9912.759765625
1999-03-05,360.30999755859375,388.6638488769531,539.1900024414062,516.8200073242188,2012.8924560546875,1449.6600341796875,10241.1201171875
1999-03-08,336.67999267578125,384.55303955078125,571.8400268554688,519.8599853515625,2027.7586669921875,1451.8399658203125,10263.990234375
1999-03-09,329.5899963378906,379.4062194824219,572.8499755859375,530.530029296875,1997.896240234375,1440.52001953125,10532.9501953125
1999-03-10,333.2799987792969,373.7874755859375,569.27001953125,528.1199951171875,1980.9705810546875,1469.530029296875,10749.009765625
1999-03-11,345.2099914550781,378.6292724609375,582.0700073242188,523.27001953125,1950.0185546875,1471.72998046875,10662.8095703125
1999-03-12,345.7900085449219,375.92236328125,590.7999877929688,528.7899780273438,1944.7999267578125,1485.739990234375,10801.759765625
1999-03-15,360.8800048828125,372.303466796875,592.02001953125,518.4500122070312,1940.8409423828125,1494.18994140625,10836.8603515625
1999-03-16,354.95001220703125,379.4382019042969,601.8300170898438,511.8999938964844,1981.3304443359375,1489.5400390625,10911.25
1999-03-17,356.79998779296875,387.8659362792969,600.52001953125,511.8500061035156,1982.2802734375,1470.1600341796875,10940.0703125
1999-03-18,362.9100036621094,,578.97998046875,515.3400268554688,2023.5296630859375,1466.0699462890625,10659.3203125
1999-03-19,356.9700012207031,394.20166015625,604.219970703125,513.9099731445312,2005.944091796875,1472.989990234375,11082.919921875
1999-03-22,366.0899963378906,392.2677001953125,607.739990234375,507.54998779296875,2017.9710693359375,1497.6800537109375,11107.240234375
1999-03-23,365.739990234375,394.7936096191406,614.3400268554688,503.4800109863281,2043.4444580078125,1492.8699951171875,11041.009765625
1999-03-24,360.3500061035156,391.32977294921875,611.47998046875,494.57000732421875,2025.019287109375,1482.3599853515625,10711.33984375
1999-03-25,365.70001220703125,395.8135986328125,611.0700073242188,499.1400146484375,1998.756103515625,1500.3699951171875,10826.1298828125
1999-03-26,366.9100036621094,392.9327087402344,609.7899780273438,500.1600036621094,2021.5501708984375,1497.5,10803.3095703125
1999-03-29,363.32000732421875,392.8467102050781,601.0700073242188,,2008.7435302734375,,10688.4697265625
1999-03-30,359.760009765625,393.60968017578125,618.0499877929688,498.57000732421875,2011.5028076171875,1518.0799560546875,10940.2099609375
1999-03-31,352.010009765625,,618.97998046875,502.82000732421875,2027.6885986328125,1518.31005859375,10942.2001953125
1999-04-01,356.8500061035156,394.41766357421875,636.8900146484375,527.5599975585938,2027.6885986328125,1545.18994140625,11072.98046875
1999-04-02,357.1000061035156,,646.780029296875,540.0700073242188,2027.6885986328125,,
1999-04-05,350.7300109863281,395.3216247558594,,535.8400268554688,2040.645263671875,1581.5999755859375,
1999-04-06,,395.49761962890625,666.72998046875,556.9299926757812,2042.834716796875,1606.1500244140625,
1999-04-07,359.5199890136719,395.89556884765625,673.3599853515625,556.5700073242188,2069.6376953125,1622.3199462890625,11614.8701171875
1999-04-08,365.0899963378906,399.9864501953125,681.1900024414062,556.5800170898438,2104.3388671875,1641.6099853515625,11727.83984375
1999-04-09,371.95001220703125,421.1966247558594,687.4199829101562,568.0999755859375,2104.3388671875,1665.260009765625,11914.099609375
1999-04-12,370.67999267578125,421.1336364746094,689.6400146484375,571.4099731445312,2156.525634765625,1661.280029296875,11744.740234375
1999-04-13,,432.50115966796875,689.7999877929688,584.6300048828125,2157.085205078125,1679.8800048828125,11899.6904296875
1999-04-14,,435.5390625,687.4099731445312,578.1099853515625,2167.8525390625,1702.72998046875,11834.1298828125
1999-04-15,,447.4615783691406,722.010009765625,581.9000244140625,2176.80029296875,1706.1300048828125,11962.23046875
1999-04-16,402.5400085449219,479.51336669921875,725.1400146484375,599.4099731445312,2233.065673828125,1769.9200439453125,12490.2998046875
1999-04-19,412.19000244140625,508.1272277832031,766.5900268554688,615.4199829101562,2355.374267578125,1842.31005859375,12766.4404296875
1999-04-20,406.1099853515625,485.9510803222656,770.4299926757812,621.530029296875,2358.04345703125,1809.47998046875,12409.7802734375
1999-04-21,397.92999267578125,480.6062927246094,743.260009765625,616.7000122070312,2312.375244140625,1842.3299560546875,12543.759765625
1999-04-22,402.3299865722656,479.2233581542969,740.4000244140625,636.4299926757812,2337.808837890625,1862.3900146484375,12933.5400390625
1999-04-23,401.07000732421875,473.5685729980469,750.989990234375,646.9199829101562,2383.85693359375,1865.280029296875,12905.2998046875
1999-04-26,415.67999267578125,470.3877258300781,776.2999877929688,673.9000244140625,2394.854248046875,1869.6199951171875,13127.01953125
1999-04-27,425.3299865722656,469.18670654296875,793.97998046875,670.02001953125,2420.227783203125,1876.3900146484375,13364.7900390625
1999-04-28,425.3299865722656,481.32525634765625,790.030029296875,661.6300048828125,2459.357666015625,1837.1600341796875,13133.3896484375
1999-04-29,432.489990234375,490.9708557128906,752.6099853515625,668.719970703125,2432.864501953125,1818.489990234375,13179.7001953125
1999-04-30,459.3500061035156,495.20269775390625,752.5900268554688,674.9600219726562,2433.07421875,1886.18994140625,13333.2001953125
1999-05-03,,523.337646484375,756.5900268554688,677.9299926757812,2446.111083984375,1898.239990234375,13337.0703125
1999-05-04,505.75,548.2196655273438,771.1699829101562,698.280029296875,2464.20654296875,1931.9000244140625,13559.6904296875
1999-05-05,,563.818115234375,,710.5900268554688,2447.040771484375,1965.1800537109375,13586.2099609375
1999-05-06,512.6900024414062,580.8823852539062,810.5399780273438,717.5800170898438,2516.18310546875,1974.6400146484375,13570.240234375
1999-05-07,488.3500061035156,575.0956420898438,810.6199951171875,691.6799926757812,2526.1103515625,1899.449951171875,12997.4296875
1999-05-10,490.42999267578125,574.3326416015625,814.239990234375,705.8300170898438,2564.170654296875,1862.3800048828125,13163.2001953125
1999-05-11,495.2300109863281,573.2076416015625,781.4099731445312,723.3900146484375,2536.927734375,1888.8800048828125,12874.3701171875
1999-05-12,486.55999755859375,576.4815673828125,773.1300048828125,723.97998046875,2578.85693359375,1889.02001953125,13012.9697265625
1999-05-13,476.8900146484375,,742.3699951171875,733.530029296875,2521.361572265625,1868.8299560546875,13053.669921875
1999-05-14,474.8999938964844,591.6109008789062,737.8300170898438,766.8200073242188,2502.106689453125,1883.280029296875,12855.51953125
1999-05-17,467.6199951171875,590.7769775390625,717.8300170898438,762.8599853515625,2452.959228515625,1880.449951171875,12588.599609375
1999-05-18,481.54998779296875,577.863525390625,729.2899780273438,780.2899780273438,2467.66552734375,1917.8199462890625,12627.099609375
1999-05-19,483.5,593.5809326171875,734.97998046875,775.72998046875,2390.20556640625,1911.5,12403.1396484375
1999-05-20,479.6000061035156,594.0299072265625,708.5999755859375,779.6199951171875,2368.5908203125,1926.8900146484375,12375.419921875
1999-05-21,479.3299865722656,591.6409301757812,710.489990234375,769.7899780273438,2376.518798828125,1953.300048828125,12272.1396484375
1999-05-24,469.9800109863281,613.6170654296875,695.5999755859375,743.3400268554688,2404.8515625,1932.800048828125,12436.8603515625
1999-05-25,451.04998779296875,619.8529052734375,698.6900024414062,758.0999755859375,2369.7607421875,1896.2099609375,12346.91015625
1999-05-26,458.2099914550781,605.7633666992188,720.0499877929688,753.8200073242188,2389.735595703125,1893.72998046875,12409.16015625
1999-05-27,464.2799987792969,603.0925903320312,726.6599731445312,760.3400268554688,2402.26220703125,1915.77001953125,12308.5302734375
1999-05-28,453.6000061035156,583.6262817382812,732.239990234375,749.030029296875,2391.6650390625,1903.6800537109375,12059.25
1999-05-31,,585.2191772460938,736.02001953125,743.0399780273438,2419.2080078125,1903.8599853515625,12147.1201171875
1999-06-01,461.7900085449219,583.234375,753.719970703125,759.3699951171875,2439.692626953125,1908.8800048828125,12363.5595703125
1999-06-02,474.8599853515625,574.2926635742188,775.0,749.4600219726562,2415.14892578125,1927.3599853515625,12458.6396484375
1999-06-03,476.04998779296875,587.5460815429688,778.2100219726562,744.5,2381.79736328125,1942.0999755859375,12471.6103515625
1999-06-04,476.4700012207031,612.3541870117188,797.5,739.7999877929688,2353.994873046875,1928.3699951171875,12415.5400390625
1999-06-07,483.25,,842.3200073242188,731.010009765625,2402.392333984375,1955.4100341796875,12837.3896484375
1999-06-08,493.6700134277344,686.9202880859375,853.5999755859375,755.0900268554688,2414.44921875,1996.43994140625,12864.8603515625
1999-06-09,510.5,678.9434814453125,803.4600219726562,757.5,2365.841552734375,2006.5400390625,12874.419921875
1999-06-10,511.44000244140625,664.5430908203125,856.0599975585938,767.6900024414062,2372.289794921875,2030.0,12839.1201171875
1999-06-11,507.05999755859375,668.2550048828125,848.6099853515625,772.760009765625,2367.181396484375,2067.169921875,12992.759765625
1999-06-14,514.6699829101562,679.4224853515625,821.9099731445312,782.97998046875,2390.585205078125,2058.3798828125,13007.5703125
1999-06-15,508.6199951171875,670.1339111328125,803.719970703125,779.9299926757812,2384.836669921875,2046.8299560546875,12935.41015625
1999-06-16,509.8399963378906,661.8262329101562,829.530029296875,791.9099731445312,2390.685302734375,2043.800048828125,13155.1201171875
1999-06-17,520.5499877929688,681.0125122070312,832.260009765625,787.7899780273438,2417.45849609375,2057.340087890625,13408.26953125
1999-06-18,518.8099975585938,707.8563842773438,837.72998046875,786.6300048828125,2429.015380859375,2070.6298828125,
1999-06-21,538.3599853515625,716.43212890625,869.0,786.02001953125,2447.99072265625,2120.3798828125,13994.23046875
1999-06-22,545.9099731445312,710.6543579101562,875.969970703125,793.4299926757812,2477.972900390625,2123.22998046875,14004.8798828125
1999-06-23,540.989990234375,700.6417236328125,888.6300048828125,794.8300170898438,2470.28466796875,2167.469970703125,13976.0400390625
1999-06-24,543.969970703125,682.0924682617188,877.2999877929688,801.719970703125,2497.8876953125,2191.72998046875,13780.1201171875
1999-06-25,543.8499755859375,673.1288452148438,882.0800170898438,806.22998046875,2463.346435546875,2178.639892578125,13784.509765625
1999-06-28,531.8800048828125,672.100830078125,903.0499877929688,820.7100219726562,2461.417236328125,2163.659912109375,13840.2900390625
1999-06-29,517.6500244140625,680.5344848632812,897.4500122070312,829.719970703125,2483.931396484375,2181.080078125,13765.490234375
1999-06-30,521.77001953125,661.999267578125,883.0,811.0999755859375,2486.320556640625,2167.699951171875,13532.1396484375
1999-07-01,,673.0158081054688,919.97998046875,835.3099975585938,2542.646240234375,2214.75,
1999-07-02,533.3300170898438,670.511962890625,933.4199829101562,845.6199951171875,2578.05712890625,2222.449951171875,14184.580078125
1999-07-05,533.1500244140625,665.1180419921875,962.8400268554688,847.0599975585938,2620.995849609375,2211.43994140625,14506.740234375
1999-07-06,526.8200073242188,681.5604858398438,989.4299926757812,846.280029296875,2609.68896484375,2175.510009765625,14372.6103515625
1999-07-07,516.1099853515625,665.7450561523438,1005.97998046875,839.52001953125,2604.920166015625,2144.530029296875,14257.4404296875
1999-07-08,496.6499938964844,660.228271484375,999.1099853515625,847.3599853515625,2611.50830078125,2159.860107421875,14226.2998046875
1999-07-09,509.5799865722656,656.618408203125,1027.9300537109375,851.6699829101562,2594.052978515625,2181.6298828125,14222.5703125
1999-07-12,511.8699951171875,663.0982666015625,1004.25,851.489990234375,2605.5400390625,2198.780029296875,14061.83984375
1999-07-13,500.25,656.1614990234375,987.5,842.010009765625,2603.820556640625,2178.489990234375,13980.9296875
1999-07-14,494.0,664.8560791015625,953.6699829101562,851.2100219726562,2570.299072265625,2178.6298828125,13575.5703125
1999-07-15,496.70001220703125,660.5162353515625,982.1400146484375,844.8599853515625,2578.6669921875,2157.719970703125,13758.8896484375
1999-07-16,488.510009765625,662.3412475585938,1020.8200073242188,843.1199951171875,2585.025146484375,2134.219970703125,13545.240234375
1999-07-19,481.70001220703125,658.245361328125,1024.5799560546875,831.77001953125,2558.83203125,2121.340087890625,13447.1298828125
1999-07-20,487.95001220703125,649.8357543945312,998.4500122070312,830.75,2550.763916015625,2137.909912109375,13600.400390625
1999-07-21,496.8599853515625,641.0820922851562,965.1099853515625,836.6500244140625,2518.80224609375,2097.340087890625,13419.66015625
1999-07-22,487.2200012207031,642.6300048828125,976.6599731445312,829.77001953125,2487.98046875,2067.889892578125,13369.0595703125
1999-07-23,475.7300109863281,625.8056640625,904.9600219726562,808.3400268554688,2446.930908203125,1990.1500244140625,13093.7001953125
1999-07-26,457.67999267578125,592.6979370117188,872.9400024414062,776.1799926757812,2375.50927734375,1939.969970703125,12866.51953125
1999-07-27,461.9100036621094,573.1936645507812,928.8499755859375,796.2000122070312,2262.538330078125,1999.4200439453125,13075.08984375
1999-07-28,,599.233642578125,944.4600219726562,782.3800048828125,2352.364990234375,2077.64990234375,13140.419921875
1999-07-29,458.82000732421875,616.4039916992188,998.7100219726562,774.52001953125,2363.482421875,2146.699951171875,13117.83984375
1999-07-30,456.80999755859375,597.850830078125,969.719970703125,768.6900024414062,2342.207763671875,2145.77001953125,13186.8603515625
1999-08-02,452.6099853515625,596.4898071289062,959.8099975585938,734.9400024414062,2355.524169921875,2128.64990234375,13435.4296875
1999-08-03,456.07000732421875,618.9619140625,973.3300170898438,748.3400268554688,2355.524169921875,2143.3701171875,13473.83984375
1999-08-04,451.42999267578125,614.37109375,975.4500122070312,719.52001953125,2371.440185546875,2144.0,13591.01953125
1999-08-05,447.0899963378906,606.2463989257812,939.0700073242188,705.97998046875,2347.63623046875,2082.1298828125,13254.33984375
1999-08-06,437.0400085449219,607.8114013671875,938.260009765625,703.0900268554688,2298.049072265625,2069.219970703125,13167.0595703125
1999-08-09,433.45001220703125,594.0859375,948.969970703125,668.2100219726562,2254.72021484375,,12945.4697265625
1999-08-10,430.8500061035156,576.320556640625,968.6599731445312,683.6500244140625,2230.20654296875,2022.56005859375,12596.7099609375
1999-08-11,421.489990234375,554.2413940429688,944.0800170898438,688.5,2157.335205078125,1987.530029296875,12437.7998046875
1999-08-12,,565.1959838867188,949.3499755859375,728.9600219726562,2187.0078125,2012.81005859375,12779.75
1999-08-13,423.7799987792969,557.6873168945312,917.469970703125,772.8800048828125,2170.431884765625,1968.6800537109375,12608.1796875
1999-08-16,418.1099853515625,560.459228515625,907.280029296875,766.4099731445312,2174.74072265625,1998.5899658203125,12894.7802734375
1999-08-17,411.30999755859375,,873.7000122070312,751.469970703125,2086.59326171875,1983.52001953125,12783.16015625
1999-08-18,409.760009765625,561.3431396484375,868.9400024414062,760.7999877929688,2104.548828125,2048.8798828125,12993.099609375
1999-08-19,418.0,581.7233276367188,871.1799926757812,758.4400024414062,2158.644775390625,2070.02001953125,13403.58984375
1999-08-20,440.510009765625,576.14453125,878.3900146484375,763.3800048828125,2208.90185546875,2087.419921875,13566.740234375
1999-08-23,448.19000244140625,584.7802124023438,917.5800170898438,772.2899780273438,2220.19921875,2123.969970703125,13573.66015625
1999-08-24,446.54998779296875,586.2131958007812,932.4099731445312,775.1799926757812,2248.351806640625,2120.02001953125,13633.8701171875
1999-08-25,468.70001220703125,585.2341918945312,963.0,768.4299926757812,2259.558837890625,2136.360107421875,13479.1298828125
1999-08-26,456.07000732421875,581.4903564453125,959.8800048828125,761.75,2236.135009765625,2162.5400390625,13608.3798828125
1999-08-27,457.5400085449219,572.6446533203125,960.280029296875,764.7899780273438,2220.6689453125,2154.6298828125,13383.1298828125
1999-08-30,446.4800109863281,566.6478881835938,942.5700073242188,767.0599975585938,2200.674072265625,2151.3798828125,13688.66015625
1999-08-31,440.2699890136719,567.00390625,937.8800048828125,,2173.26123046875,2117.169921875,13482.76953125
1999-09-01,434.55999755859375,571.7537231445312,905.52001953125,752.9099731445312,2152.20654296875,2122.340087890625,13544.1904296875
1999-09-02,426.70001220703125,571.0927734375,898.969970703125,735.52001953125,2158.39501953125,2118.2099609375,13367.5595703125
1999-09-03,431.1199951171875,565.1739501953125,910.6199951171875,745.3200073242188,2154.5361328125,2093.179931640625,13178.3095703125
1999-09-06,424.0799865722656,540.4059448242188,943.219970703125,752.780029296875,2167.91259765625,2099.780029296875,13385.16015625
1999-09-07,426.75,545.3297729492188,943.9199829101562,752.739990234375,2159.23486328125,2105.419921875,13396.08984375
1999-09-08,421.55999755859375,520.6007080078125,936.9299926757812,755.0599975585938,2165.0234375,2097.39990234375,13356.6298828125
1999-09-09,431.0799865722656,537.9940795898438,950.530029296875,751.1500244140625,2133.051513671875,2127.419921875,13854.8798828125
1999-09-10,430.9100036621094,562.7540893554688,961.97998046875,739.1699829101562,2098.80029296875,2133.070068359375,13855.9296875
1999-09-13,444.94000244140625,569.6298217773438,980.9099731445312,737.4400024414062,2088.1630859375,2139.22998046875,13860.849609375
1999-09-14,443.82000732421875,562.037109375,968.5399780273438,729.0499877929688,2100.669677734375,2142.5,13804.0302734375
1999-09-15,438.5899963378906,548.5906372070312,952.6900024414062,717.739990234375,2073.546875,2120.580078125,13430.599609375
1999-09-16,429.8900146484375,548.734619140625,916.1599731445312,711.25,2069.677734375,2089.840087890625,
1999-09-17,438.1600036621094,546.9957275390625,925.2000122070312,713.6799926757812,2083.34423828125,2131.93994140625,13484.83984375
1999-09-20,434.2099914550781,543.3118286132812,933.8800048828125,710.030029296875,2105.208740234375,2122.929931640625,13472.3701171875
1999-09-21,425.5400085449219,547.2426147460938,957.4199829101562,739.2999877929688,2125.993408203125,2109.0400390625,13420.4599609375
1999-09-22,410.1499938964844,545.4267578125,941.5700073242188,721.1699829101562,2107.188232421875,2067.659912109375,13187.6201171875
1999-09-23,400.4599914550781,528.1514892578125,,707.0900268554688,2094.321533203125,2068.39990234375,13214.4404296875
1999-09-24,382.010009765625,517.5218505859375,,694.219970703125,2069.577880859375,2019.010009765625,13032.0703125
1999-09-27,382.1400146484375,515.0469360351562,903.7899780273438,679.52001953125,2056.51123046875,1990.3800048828125,12760.4599609375
1999-09-28,385.2300109863281,529.2003784179688,900.72998046875,679.1400146484375,2069.897705078125,2024.43994140625,12844.9296875
1999-09-29,391.07000732421875,526.448486328125,868.8800048828125,683.510009765625,2080.874755859375,2017.5699462890625,12834.8896484375
1999-09-30,389.489990234375,547.9156494140625,836.1799926757812,675.4500122070312,2095.6611328125,2021.9300537109375,12733.240234375
1999-10-01,407.2300109863281,566.0198974609375,839.3499755859375,680.0700073242188,2102.41943359375,2051.260009765625,
1999-10-04,396.1300048828125,555.2824096679688,818.3699951171875,682.8599853515625,2103.739013671875,2037.8699951171875,12875.8603515625
1999-10-05,398.94000244140625,566.2288818359375,791.5499877929688,710.22998046875,2064.229248046875,2064.719970703125,12998.8896484375
1999-10-06,395.0899963378906,588.7261352539062,835.3099975585938,714.1900024414062,2057.0009765625,2100.7099609375,13017.98046875
1999-10-07,397.6400146484375,585.3221435546875,851.1500244140625,734.72998046875,2071.107421875,2119.969970703125,13113.2001953125
1999-10-08,393.0199890136719,588.214111328125,839.4099731445312,743.8400268554688,2063.299560546875,2114.489990234375,13112.419921875
1999-10-11,388.8800048828125,584.0372924804688,834.3900146484375,747.3900146484375,2069.6376953125,2122.22998046875,12992.7197265625
1999-10-12,401.3599853515625,571.3598022460938,856.25,745.5700073242188,2065.86865234375,2118.27001953125,12759.349609375
1999-10-13,391.5,571.9247436523438,855.52001953125,737.280029296875,2050.19287109375,2095.60009765625,12475.8701171875
1999-10-14,392.7900085449219,567.7548828125,866.02001953125,738.0499877929688,2046.0738525390625,2112.5400390625,12486.8203125
1999-10-15,385.3999938964844,567.8959350585938,862.6300048828125,721.1799926757812,2014.112060546875,2061.25,12299.080078125
1999-10-18,372.8699951171875,553.1914672851562,826.25,715.2899780273438,1998.6361083984375,1993.449951171875,
1999-10-19,368.5799865722656,583.624267578125,811.4400024414062,738.280029296875,1990.0982666015625,1983.2099609375,12134.1298828125
1999-10-20,369.010009765625,584.4022827148438,830.6900024414062,736.3599853515625,2017.101318359375,2025.47998046875,12498.5595703125
1999-10-21,367.2300109863281,616.4660034179688,818.510009765625,738.4400024414062,1984.1097412109375,2017.5,12523.0
1999-10-22,377.1600036621094,604.1605224609375,819.52001953125,739.0,1946.1795654296875,2017.3800048828125,12863.080078125
1999-10-25,,597.0447998046875,798.8400268554688,740.4099731445312,1919.96630859375,2022.3599853515625,13034.1796875
1999-10-26,379.5400085449219,594.2298583984375,797.010009765625,736.1900024414062,1927.1544189453125,2013.530029296875,12797.3798828125
1999-10-27,379.6099853515625,576.4965209960938,793.4199829101562,738.27001953125,1961.775634765625,1988.97998046875,12709.0703125
1999-10-28,389.760009765625,577.9095458984375,820.9500122070312,750.2000122070312,1968.4637451171875,2003.25,12758.8798828125
1999-10-29,395.54998779296875,593.845947265625,833.510009765625,742.8699951171875,2035.526611328125,2047.1500244140625,13256.9501953125
1999-11-01,391.54998779296875,595.060791015625,876.5499877929688,731.47998046875,2035.526611328125,2073.0400390625,13322.1103515625
1999-11-02,402.4100036621094,594.3818359375,890.1799926757812,727.030029296875,2035.526611328125,2057.219970703125,13335.83984375
1999-11-03,403.30999755859375,603.5635375976562,887.1500244140625,730.6199951171875,2043.3646240234375,2087.989990234375,13257.330078125
1999-11-04,419.8900146484375,618.4859008789062,911.8200073242188,727.5800170898438,2025.8990478515625,2109.93994140625,13651.509765625
1999-11-05,418.4700012207031,626.0196533203125,913.0900268554688,721.3499755859375,2017.89111328125,2111.550048828125,13610.26953125
1999-11-08,414.07000732421875,628.2825317382812,907.5999755859375,,1988.038818359375,,13521.1103515625
1999-11-09,426.4200134277344,638.7951049804688,943.4600219726562,715.5399780273438,1987.4190673828125,2118.080078125,13669.7001953125
1999-11-10,426.3900146484375,638.8870849609375,938.760009765625,728.8099975585938,1996.166748046875,2138.860107421875,13975.5400390625
1999-11-11,429.2799987792969,638.4671020507812,947.4199829101562,724.8400268554688,2009.793212890625,2153.669921875,14105.7099609375
1999-11-12,432.0199890136719,635.2052612304688,969.260009765625,721.52001953125,1990.4981689453125,2185.820068359375,14189.669921875
1999-11-15,426.70001220703125,635.7732543945312,974.72998046875,729.2899780273438,1982.9600830078125,2225.909912109375,14562.2197265625
1999-11-16,423.1499938964844,641.7060546875,1007.719970703125,720.3400268554688,1957.3067626953125,2238.860107421875,14689.4599609375
1999-11-17,410.0400085449219,641.4500122070312,967.6400146484375,719.72998046875,1949.23876953125,2228.860107421875,14704.48046875
1999-11-18,410.8999938964844,636.59423828125,970.1900024414062,723.0599975585938,1958.346435546875,2203.659912109375,14721.740234375
1999-11-19,411.54998779296875,633.287353515625,993.1099853515625,733.2899780273438,1950.28857421875,2221.0400390625,15073.099609375
1999-11-22,406.4100036621094,630.1455078125,977.8800048828125,740.739990234375,1961.5655517578125,2214.840087890625,15285.0302734375
1999-11-23,405.4200134277344,618.4248657226562,974.0499877929688,740.1199951171875,1956.126953125,2210.9599609375,15393.2001953125
1999-11-24,399.2300109863281,599.6996459960938,969.2899780273438,740.8200073242188,1963.7049560546875,2190.719970703125,15307.2802734375
1999-11-25,404.6000061035156,588.6370849609375,972.7100219726562,738.5999755859375,1961.9654541015625,2201.830078125,14998.76953125
1999-11-26,412.30999755859375,596.331787109375,949.1599731445312,745.9099731445312,1959.0462646484375,2235.820068359375,15274.5302734375
1999-11-29,421.260009765625,582.7953491210938,964.260009765625,,1978.9111328125,2222.429931640625,15461.1103515625
1999-11-30,422.1199951171875,583.7772827148438,996.6599731445312,734.6599731445312,1978.9111328125,2237.1298828125,15377.1904296875
1999-12-01,423.07000732421875,597.517822265625,999.1599731445312,732.8699951171875,1982.500244140625,2208.6298828125,15422.51953125
1999-12-02,419.6700134277344,598.3856811523438,967.9000244140625,732.8200073242188,1952.5079345703125,2227.300048828125,15603.0400390625
1999-12-03,414.4200134277344,613.4610595703125,966.5900268554688,724.6300048828125,1936.402099609375,2227.81005859375,15840.41015625
1999-12-06,,624.3616333007812,998.1099853515625,726.4199829101562,1940.44091796875,2243.840087890625,16168.6201171875
1999-12-07,413.8800048828125,621.6248168945312,999.9199829101562,730.260009765625,1942.12060546875,2299.8701171875,16073.08984375
1999-12-08,413.2699890136719,620.9528198242188,988.3200073242188,729.6799926757812,1910.608642578125,2351.330078125,15989.3798828125
1999-12-09,419.7699890136719,631.5283813476562,980.5399780273438,737.1300048828125,1891.4736328125,2372.110107421875,16370.9501953125
1999-12-10,,633.8143310546875,1018.1699829101562,743.5999755859375,1939.3114013671875,2395.43994140625,16380.2099609375
1999-12-13,435.3999938964844,630.530517578125,1013.6500244140625,768.739990234375,2012.322509765625,2386.320068359375,16442.109375
1999-12-14,438.2300109863281,648.3687744140625,1002.6400146484375,769.9400024414062,2010.73291015625,2369.25,16282.7001953125
1999-12-15,437.8599853515625,652.3585815429688,963.5800170898438,767.97998046875,1998.9759521484375,2329.419921875,15825.3095703125
1999-12-16,437.70001220703125,646.4807739257812,948.5700073242188,767.8900146484375,1972.2728271484375,2314.85009765625,15571.3603515625
1999-12-17,439.3699951171875,638.797119140625,949.260009765625,778.260009765625,1997.366455078125,2372.469970703125,15986.349609375
1999-12-20,450.67999267578125,646.0338134765625,967.0499877929688,787.739990234375,2030.8677978515625,2369.659912109375,16212.3896484375
1999-12-21,444.92999267578125,656.8624267578125,958.7999877929688,791.2000122070312,2034.44677734375,2362.580078125,16248.740234375
1999-12-22,458.42999267578125,661.0282592773438,967.8300170898438,787.9099731445312,2062.27978515625,2383.659912109375,16192.400390625
1999-12-23,461.17999267578125,666.1070556640625,974.1599731445312,782.0499877929688,2085.0439453125,2424.14990234375,16296.080078125
1999-12-24,461.2900085449219,,991.6300048828125,783.0999755859375,2089.942626953125,2446.570068359375,16833.279296875
1999-12-27,466.45001220703125,681.3544921875,1005.72998046875,785.8200073242188,2099.5302734375,2460.419921875,
1999-12-28,466.9599914550781,677.191650390625,1028.0699462890625,797.6900024414062,2117.84521484375,2446.969970703125,16928.2890625
1999-12-29,479.4200134277344,674.8536987304688,,804.739990234375,2142.4189453125,2472.68994140625,16660.8203125
1999-12-30,481.9200134277344,676.8927001953125,,812.3300170898438,,2479.580078125,16962.099609375
